ATM ID,Target
1FNVAR85,0
1FNVAR85,1
1FNVAR85,1
1RDNAJM02,0
1RDNAJM02,0
1RDNAJM02,0
1RDNAJM11,1
1RDNAJM11,0
1RDNAJM11,0
1RDNALD10,0
1RDNALD10,0
1RDNALD10,0
1RDNANA10,0
1RDNANA10,0
1RDNANA10,0
1RDNJAI13,1
1RDNJAI13,0
1RDNJAI13,0
1RDNJMG01,0
1RDNJMG01,0
1RDNJMG01,0
1RDNKAN18,0
1RDNKAN18,0
1RDNKAN18,0
1RDNKAN19,0
1RDNKAN19,0
1RDNKAN19,0
1RDNKOL05,1
1RDNKOL05,1
1RDNKOL05,0
1RDNKOL16,0
1RDNKOL16,0
1RDNKOL16,1
1RDNRBL04,1
1RDNRBL04,1
1RDNRBL04,1
1RDNVAR18,0
1RDNVAR18,0
1RDNVAR18,0
1FNABN43,1
1FNABN43,1
1FNABN43,0
1FNAHM103,0
1FNAHM103,0
1FNAHM103,0
1FNAHM118,0
1FNAHM118,0
1FNAHM118,0
1FNAHM88,0
1FNAHM88,0
1FNAHM88,0
1FNAJM17,0
1FNAJM17,0
1FNAJM17,0
1FNALD105,0
1FNALD105,0
1FNALD105,0
1FNALD113,0
1FNALD113,0
1FNALD113,0
1FNALD127,0
1FNALD127,0
1FNALD127,0
1FNALD28,1
1FNALD28,1
1FNALD28,0
1FNALD31,0
1FNALD31,0
1FNALD31,0
1FNALD32,0
1FNALD32,0
1FNALD32,0
1FNALD50,0
1FNALD50,0
1FNALD50,0
1FNALD51,1
1FNALD51,1
1FNALD51,1
1FNALD40,0
1FNALD40,0
1FNALD40,0
1FNALD49,0
1FNALD49,0
1FNALD49,1
1FNALD52,0
1FNALD52,0
1FNALD52,0
1FNALD65,0
1FNALD65,0
1FNALD65,0
1FNALD83,0
1FNALD83,0
1FNALD83,0
1FNALW14,0
1FNALW14,0
1FNALW14,0
1FNALW06,1
1FNALW06,1
1FNALW06,0
1FNALW22,0
1FNALW22,0
1FNALW22,0
1FNAMR07,0
1FNAMR07,0
1FNAMR07,0
1FNAMT01,0
1FNAMT01,1
1FNAMT01,1
1FNANA03,1
1FNANA03,0
1FNANA03,0
1FNANA24,0
1FNANA24,0
1FNANA24,0
1FNANA30,0
1FNANA30,0
1FNANA30,0
1FNANA32,0
1FNANA32,0
1FNANA32,0
1FNANA54,0
1FNANA54,0
1FNANA54,1
1FNANA59,0
1FNANA59,0
1FNANA59,0
1FNANA60,0
1FNANA60,0
1FNANA60,0
1FNARV02,0
1FNARV02,0
1FNARV02,0
1FNBAN02,0
1FNBAN02,0
1FNBAN02,0
1FNBBN07,0
1FNBBN07,0
1FNBBN07,0
1FNBHL05,0
1FNBHL05,0
1FNBHL05,0
1FNBHL21,0
1FNBHL21,0
1FNBHL21,0
1FNBHR07,0
1FNBHR07,0
1FNBHR07,0
1FNBHT14,1
1FNBHT14,1
1FNBHT14,1
1FNBHT22,0
1FNBHT22,0
1FNBHT22,0
1FNBNK03,1
1FNBNK03,1
1FNBNK03,0
1FNBNW02,0
1FNBNW02,0
1FNBNW02,0
1FNBOM117,1
1FNBOM117,0
1FNBOM117,0
1FNBOM180,1
1FNBOM180,0
1FNBOM180,0
1FNBOM218,1
1FNBOM218,1
1FNBOM218,1
1FNBOM64,0
1FNBOM64,0
1FNBOM64,1
1FNBOM70,1
1FNBOM70,1
1FNBOM70,0
1FNBOM91,0
1FNBOM91,0
1FNBOM91,0
1FNBOM88,0
1FNBOM88,0
1FNBOM88,0
1FNBOM94,0
1FNBOM94,1
1FNBOM94,1
1FNBRF03,0
1FNBRF03,0
1FNBRF03,1
1FNCND06,1
1FNCND06,0
1FNCND06,0
1FNDAU02,0
1FNDAU02,0
1FNDAU02,0
1FNDEO03,1
1FNDEO03,0
1FNDEO03,0
1FNDUN22,1
1FNDUN22,0
1FNDUN22,0
1FNFTP12,0
1FNFTP12,0
1FNFTP12,0
1FNFTP08,0
1FNFTP08,0
1FNFTP08,0
1FNFTP13,0
1FNFTP13,0
1FNFTP13,0
1FNFTP25,1
1FNFTP25,1
1FNFTP25,1
1FNFTP33,0
1FNFTP33,0
1FNFTP33,0
1FNFZB13,0
1FNFZB13,0
1FNFZB13,0
1FNFZB14,1
1FNFZB14,1
1FNFZB14,0
1FNFZB22,0
1FNFZB22,0
1FNFZB22,0
1FNGKP04,0
1FNGKP04,0
1FNGKP04,0
1FNGKP09,0
1FNGKP09,0
1FNGKP09,0
1FNGKP10,0
1FNGKP10,0
1FNGKP10,0
1FNGKP17,0
1FNGKP17,0
1FNGKP17,0
1FNGND02,0
1FNGND02,1
1FNGND02,1
1FNGND03,1
1FNGND03,1
1FNGND03,0
1FNHOG10,0
1FNHOG10,1
1FNHOG10,1
1FNIMP03,0
1FNIMP03,0
1FNIMP03,0
1FNJAI107,0
1FNJAI107,0
1FNJAI107,0
1FNJAI112,1
1FNJAI112,1
1FNJAI112,0
1FNJAI123,0
1FNJAI123,0
1FNJAI123,0
1FNJAI47,0
1FNJAI47,0
1FNJAI47,0
1FNJAI46,0
1FNJAI46,0
1FNJAI46,0
1FNJAI51,0
1FNJAI51,0
1FNJAI51,0
1FNJAI92,0
1FNJAI92,0
1FNJAI92,0
1FNJAI97,0
1FNJAI97,1
1FNJAI97,1
1FNJDP18,0
1FNJDP18,0
1FNJDP18,0
1FNJDP16,0
1FNJDP16,0
1FNJDP16,0
1FNJDP24,0
1FNJDP24,0
1FNJDP24,0
1FNJHU07,1
1FNJHU07,1
1FNJHU07,0
1FNJHU21,0
1FNJHU21,0
1FNJHU21,0
1FNJNP08,0
1FNJNP08,0
1FNJNP08,0
1FNJNP14,0
1FNJNP14,0
1FNJNP14,0
1FNKAM01,1
1FNKAM01,1
1FNKAM01,0
1FNKAN103,0
1FNKAN103,0
1FNKAN103,0
1FNKAN117,0
1FNKAN117,0
1FNKAN117,0
1FNKAN118,0
1FNKAN118,1
1FNKAN118,1
1FNKAN120,1
1FNKAN120,1
1FNKAN120,1
1FNKAN146,0
1FNKAN146,1
1FNKAN146,1
1FNKAN32,0
1FNKAN32,0
1FNKAN32,1
1FNKAN44,0
1FNKAN44,0
1FNKAN44,0
1FNKAN92,0
1FNKAN92,0
1FNKAN92,0
1FNKAN98,0
1FNKAN98,0
1FNKAN98,0
1FNKCC02,0
1FNKCC02,0
1FNKCC02,0
1FNKHD13,0
1FNKHD13,0
1FNKHD13,0
1FNKHD19,1
1FNKHD19,1
1FNKHD19,0
1FNKHD15,0
1FNKHD15,0
1FNKHD15,0
1FNKHD54,0
1FNKHD54,1
1FNKHD54,1
1FNKMR02,1
1FNKMR02,1
1FNKMR02,0
1FNKMR05,0
1FNKMR05,1
1FNKMR05,1
1FNKOL145,0
1FNKOL145,0
1FNKOL145,0
1FNKOL167,0
1FNKOL167,0
1FNKOL167,0
1FNKOL199,0
1FNKOL199,0
1FNKOL199,0
1FNKOL201,0
1FNKOL201,0
1FNKOL201,0
1FNKOL207,0
1FNKOL207,0
1FNKOL207,1
1FNKOL222,0
1FNKOL222,0
1FNKOL222,0
1FNKOL240,1
1FNKOL240,0
1FNKOL240,0
1FNKOL244,0
1FNKOL244,0
1FNKOL244,0
1FNKOT07,0
1FNKOT07,0
1FNKOT07,0
1FNKOT14,1
1FNKOT14,1
1FNKOT14,1
1FNKOT59,0
1FNKOT59,0
1FNKOT59,0
1FNKSH31,0
1FNKSH31,0
1FNKSH31,0
1FNLUC57,0
1FNLUC57,0
1FNLUC57,0
1FNLUC60,0
1FNLUC60,0
1FNLUC60,0
1FNLUC62,1
1FNLUC62,1
1FNLUC62,0
1FNLUC87,0
1FNLUC87,0
1FNLUC87,0
1FNMAU02,0
1FNMAU02,0
1FNMAU02,0
1FNMAU03,1
1FNMAU03,1
1FNMAU03,1
1FNMAU05,0
1FNMAU05,0
1FNMAU05,0
1FNMEH36,0
1FNMEH36,0
1FNMEH36,0
1FNMIR12,1
1FNMIR12,0
1FNMIR12,0
1FNMIR17,0
1FNMIR17,0
1FNMIR17,0
1FNNDA02,0
1FNNDA02,0
1FNNDA02,0
1FNNDA05,0
1FNNDA05,0
1FNNDA05,0
1FNPGS02,0
1FNPGS02,0
1FNPGS02,1
1FNPSS01,0
1FNPSS01,0
1FNPSS01,0
1FNPSS05,0
1FNPSS05,0
1FNPSS05,0
1FNRBL31,0
1FNRBL31,0
1FNRBL31,0
1FNRBL32,0
1FNRBL32,0
1FNRBL32,0
1FNRBL37,0
1FNRBL37,0
1FNRBL37,0
1FNRBL45,0
1FNRBL45,0
1FNRBL45,0
1FNRVN06,0
1FNRVN06,0
1FNRVN06,0
1FNRVN07,0
1FNRVN07,0
1FNRVN07,0
1FNSBK07,0
1FNSBK07,0
1FNSBK07,1
1FNSBK19,0
1FNSBK19,0
1FNSBK19,0
1FNSIK06,1
1FNSIK06,1
1FNSIK06,0
1FNSIK17,1
1FNSIK17,1
1FNSIK17,1
1FNSKN01,0
1FNSKN01,0
1FNSKN01,0
1FNSUL09,0
1FNSUL09,0
1FNSUL09,0
1FNSUL07,0
1FNSUL07,1
1FNSUL07,1
1FNSUL08,0
1FNSUL08,0
1FNSUL08,0
1FNSUL13,1
1FNSUL13,1
1FNSUL13,1
1FNSUL18,0
1FNSUL18,0
1FNSUL18,0
1FNSUL28,0
1FNSUL28,0
1FNSUL28,0
1FNSUL34,0
1FNSUL34,0
1FNSUL34,0
1FNSUL38,0
1FNSUL38,0
1FNSUL38,0
1FNSUL39,0
1FNSUL39,1
1FNSUL39,1
1FNSUL44,0
1FNSUL44,0
1FNSUL44,0
1FNTNK04,1
1FNTNK04,1
1FNTNK04,1
1FNTNK09,0
1FNTNK09,0
1FNTNK09,0
1FNTNK16,0
1FNTNK16,0
1FNTNK16,0
1FNUDP30,0
1FNUDP30,0
1FNUDP30,0
1FNVAR53,0
1FNVAR53,0
1FNVAR53,0
1FNVAR55,0
1FNVAR55,1
1FNVAR55,1
1FNVAR57,1
1FNVAR57,0
1FNVAR57,0
1FNVAR62,0
1FNVAR62,0
1FNVAR62,0
1FNVAR63,0
1FNVAR63,0
1FNVAR63,1
1FNVAR88,1
1FNVAR88,0
1FNVAR88,0
1RDNAHM92,0
1RDNAHM92,0
1RDNAHM92,0
1RDNALD12,0
1RDNALD12,0
1RDNALD12,1
1RDNALW01,1
1RDNALW01,0
1RDNALW01,0
1RDNBOM07,0
1RDNBOM07,0
1RDNBOM07,0
1RDNKOL51,0
1RDNKOL51,0
1RDNKOL51,0
1RDNLUC35,0
1RDNLUC35,0
1RDNLUC35,0
1RDNMEH07,0
1RDNMEH07,0
1RDNMEH07,0
1RDNMIT01,1
1RDNMIT01,1
1RDNMIT01,1
1RDNNAD02,0
1RDNNAD02,0
1RDNNAD02,0
1RDNUDP07,0
1RDNUDP07,0
1RDNUDP07,0
1RDWABN02,0
1RDWABN02,1
1RDWABN02,1
1CRHGJAN03,0
1CRHGJAN03,0
1CRHGJAN03,0
1CRMHMU31,1
1CRMHMU31,0
1CRMHMU31,0
1CRMHMU64,1
1CRMHMU64,1
1CRMHMU64,1
1FDHOG09,0
1FDHOG09,0
1FDHOG09,0
1CRMHTH09,0
1CRMHTH09,0
1CRMHTH09,0
1CRUPKN04,0
1CRUPKN04,0
1CRUPKN04,0
1FNJAI43,0
1FNJAI43,0
1FNJAI43,1
1FWMLD03,0
1FWMLD03,0
1FWMLD03,0
1RDDKAN12,0
1RDDKAN12,0
1RDDKAN12,0
1CRRJSK02,0
1CRRJSK02,0
1CRRJSK02,0
1FDJAI72,0
1FDJAI72,0
1FDJAI72,0
1RDDVAR02,0
1RDDVAR02,0
1RDDVAR02,0
1CRRJJP24,1
1CRRJJP24,1
1CRRJJP24,0
1FDBOM175,0
1FDBOM175,0
1FDBOM175,0
1FDMRD19,1
1FDMRD19,0
1FDMRD19,0
1RDWLUC42,0
1RDWLUC42,0
1RDWLUC42,0
1CRMHTH41,0
1CRMHTH41,1
1CRMHTH41,1
1FDBOM105,1
1FDBOM105,0
1FDBOM105,0
1FNRAE01,0
1FNRAE01,0
1FNRAE01,0
1FNUDP55,0
1FNUDP55,0
1FNUDP55,0
1FDJAI67,0
1FDJAI67,0
1FDJAI67,0
1RDWBBN01,0
1RDWBBN01,0
1RDWBBN01,0
1RDWFZB05,0
1RDWFZB05,0
1RDWFZB05,0
1FNSIK12,0
1FNSIK12,0
1FNSIK12,0
1FNUDP48,0
1FNUDP48,0
1FNUDP48,0
1RDWBOM51,1
1RDWBOM51,1
1RDWBOM51,0
1RDWJAI29,1
1RDWJAI29,1
1RDWJAI29,1
1RDWAHM58,0
1RDWAHM58,1
1RDWAHM58,1
1FNAMT10,0
1FNAMT10,0
1FNAMT10,0
1RDWMDR01,0
1RDWMDR01,0
1RDWMDR01,0
1FDBOM377,0
1FDBOM377,0
1FDBOM377,0
1FWTNA02,0
1FWTNA02,1
1FWTNA02,1
1FDDAR03,0
1FDDAR03,0
1FDDAR03,0
1RDNKOL27,0
1RDNKOL27,1
1RDNKOL27,1
1RDWFZB11,0
1RDWFZB11,0
1RDWFZB11,0
1FNTNK08,1
1FNTNK08,1
1FNTNK08,1
1RDDBST01,0
1RDDBST01,0
1RDDBST01,0
1RDNJDP09,1
1RDNJDP09,0
1RDNJDP09,0
1CRASKR01,0
1CRASKR01,0
1CRASKR01,0
1CRRJSK04,1
1CRRJSK04,1
1CRRJSK04,1
1FDMEH28,1
1FDMEH28,1
1FDMEH28,0
1FNHAO04,0
1FNHAO04,0
1FNHAO04,0
1RDNAHM13,0
1RDNAHM13,0
1RDNAHM13,0
1FNCHU03,0
1FNCHU03,0
1FNCHU03,0
1RDDMUM33,0
1RDDMUM33,0
1RDDMUM33,0
1RDWVAR24,0
1RDWVAR24,1
1RDWVAR24,1
1FDFTP47,1
1FDFTP47,1
1FDFTP47,1
1RDNSIK01,0
1RDNSIK01,0
1RDNSIK01,1
1CRUPAB02,0
1CRUPAB02,0
1CRUPAB02,0
1RDDKAN07,0
1RDDKAN07,0
1RDDKAN07,0
1RDNAHM32,0
1RDNAHM32,0
1RDNAHM32,0
1CRMHMU66,0
1CRMHMU66,0
1CRMHMU66,0
1CRRJJP18,1
1CRRJJP18,1
1CRRJJP18,1
1RDWJNP05,0
1RDWJNP05,0
1RDWJNP05,0
1FDESK01,0
1FDESK01,0
1FDESK01,1
1FNBHR08,0
1FNBHR08,0
1FNBHR08,0
1FNAMT33,0
1FNAMT33,0
1FNAMT33,0
1FNLUC93,0
1FNLUC93,0
1FNLUC93,0
1RDNKOL45,0
1RDNKOL45,0
1RDNKOL45,0
1FDBOM331,0
1FDBOM331,0
1FDBOM331,0
1FDALD130,0
1FDALD130,0
1FDALD130,0
1FDSMD21,0
1FDSMD21,0
1FDSMD21,0
1RDDMUM49,0
1RDDMUM49,0
1RDDMUM49,0
1FDPSS10,0
1FDPSS10,0
1FDPSS10,0
1FNJPG03,0
1FNJPG03,0
1FNJPG03,0
1CRGJAH48,0
1CRGJAH48,0
1CRGJAH48,1
1FNKAN126,0
1FNKAN126,0
1FNKAN126,0
1FNPLI11,1
1FNPLI11,0
1FNPLI11,0
1RDNMEH02,0
1RDNMEH02,0
1RDNMEH02,0
1RDWTNK03,0
1RDWTNK03,0
1RDWTNK03,0
1FNBHL16,0
1FNBHL16,0
1FNBHL16,1
1FNBHT19,1
1FNBHT19,0
1FNBHT19,0
1FDMHB02,1
1FDMHB02,1
1FDMHB02,0
1RDWJAI37,0
1RDWJAI37,0
1RDWJAI37,0
1CRGJAH10,0
1CRGJAH10,0
1CRGJAH10,0
1RDWMEH17,0
1RDWMEH17,0
1RDWMEH17,0
1FDFZB35,0
1FDFZB35,1
1FDFZB35,1
1FNAMT17,1
1FNAMT17,1
1FNAMT17,0
1FNBHL13,0
1FNBHL13,0
1FNBHL13,0
1RDNKOL30,0
1RDNKOL30,0
1RDNKOL30,0
1CRMHMU05,0
1CRMHMU05,1
1CRMHMU05,1
1FNALD132,1
1FNALD132,1
1FNALD132,1
1FNFTP05,1
1FNFTP05,1
1FNFTP05,0
1FNFZB24,0
1FNFZB24,0
1FNFZB24,0
1FNJDP63,0
1FNJDP63,0
1FNJDP63,0
1RDDGKP02,1
1RDDGKP02,0
1RDDGKP02,0
1CRRJJP21,1
1CRRJJP21,0
1CRRJJP21,0
1FDKHD25,0
1FDKHD25,0
1FDKHD25,0
1FDHOW03,0
1FDHOW03,1
1FDHOW03,1
1FNKAN149,0
1FNKAN149,0
1FNKAN149,0
1FNKOL204,0
1FNKOL204,0
1FNKOL204,0
1FNMIR06,0
1FNMIR06,0
1FNMIR06,0
1FNSUL37,1
1FNSUL37,0
1FNSUL37,0
1RDDMUM96,0
1RDDMUM96,0
1RDDMUM96,0
1RDNVAR14,1
1RDNVAR14,0
1RDNVAR14,0
1CRGJAH01,0
1CRGJAH01,0
1CRGJAH01,0
1FDSRO05,0
1FDSRO05,1
1FDSRO05,1
1FNDAU08,1
1FNDAU08,1
1FNDAU08,1
1FNUDP42,0
1FNUDP42,1
1FNUDP42,1
2CRGJPT03,0
2CRGJPT03,0
2CRGJPT03,0
2CRMHMU83,0
2CRMHMU83,0
2CRMHMU83,0
2CRWBKL12,0
2CRWBKL12,0
2CRWBKL12,0
3CRGJJM01,1
3CRGJJM01,1
3CRGJJM01,0
3CRRJNG03,1
3CRRJNG03,0
3CRRJNG03,0
1CRASEI01,0
1CRASEI01,0
1CRASEI01,0
1CRGJAH03,0
1CRGJAH03,0
1CRGJAH03,0
1CRGJAH06,1
1CRGJAH06,0
1CRGJAH06,0
1CRGJAH11,0
1CRGJAH11,0
1CRGJAH11,0
1CRGJAH14,1
1CRGJAH14,1
1CRGJAH14,0
1CRGJAH15,0
1CRGJAH15,0
1CRGJAH15,0
1CRGJAH16,0
1CRGJAH16,0
1CRGJAH16,0
1CRGJAH19,0
1CRGJAH19,1
1CRGJAH19,1
1CRGJAH25,1
1CRGJAH25,1
1CRGJAH25,0
1CRGJAH32,1
1CRGJAH32,0
1CRGJAH32,0
1CRGJAH30,0
1CRGJAH30,0
1CRGJAH30,0
1CRGJAH28,0
1CRGJAH28,0
1CRGJAH28,0
1CRGJAH31,0
1CRGJAH31,0
1CRGJAH31,1
1CRGJAH39,0
1CRGJAH39,0
1CRGJAH39,0
1CRGJAH40,0
1CRGJAH40,0
1CRGJAH40,0
1CRGJAH44,0
1CRGJAH44,0
1CRGJAH44,0
1CRGJAH45,0
1CRGJAH45,0
1CRGJAH45,0
1CRGJAN16,0
1CRGJAN16,0
1CRGJAN16,0
1CRGJBK02,0
1CRGJBK02,1
1CRGJBK02,1
1CRGJBT01,1
1CRGJBT01,1
1CRGJBT01,0
1CRGJBV02,0
1CRGJBV02,0
1CRGJBV02,0
1CRGJJM01,1
1CRGJJM01,0
1CRGJJM01,0
1CRGJKH01,1
1CRGJKH01,1
1CRGJKH01,1
1CRMHMU08,0
1CRMHMU08,0
1CRMHMU08,0
1CRMHMU15,0
1CRMHMU15,0
1CRMHMU15,0
1CRMHMU17,0
1CRMHMU17,0
1CRMHMU17,0
1CRMHMU24,1
1CRMHMU24,1
1CRMHMU24,0
1CRMHMU27,0
1CRMHMU27,0
1CRMHMU27,0
1CRMHMU32,0
1CRMHMU32,0
1CRMHMU32,0
1CRMHMU33,0
1CRMHMU33,0
1CRMHMU33,1
1CRMHMU42,0
1CRMHMU42,0
1CRMHMU42,0
1CRMHMU44,0
1CRMHMU44,0
1CRMHMU44,0
1CRMHMU49,1
1CRMHMU49,1
1CRMHMU49,1
1CRMHMU56,0
1CRMHMU56,0
1CRMHMU56,0
1CRMHMU71,0
1CRMHMU71,0
1CRMHMU71,0
1CRMHMU79,1
1CRMHMU79,1
1CRMHMU79,1
1CRMHMU82,0
1CRMHMU82,0
1CRMHMU82,0
1CRMHTH01,0
1CRMHTH01,0
1CRMHTH01,0
1CRMHTH03,0
1CRMHTH03,0
1CRMHTH03,0
1CRMHTH07,0
1CRMHTH07,0
1CRMHTH07,1
1CRMHTH08,1
1CRMHTH08,0
1CRMHTH08,0
1CRMHTH12,0
1CRMHTH12,0
1CRMHTH12,0
1CRMHTH11,0
1CRMHTH11,0
1CRMHTH11,0
1CRMHTH17,0
1CRMHTH17,0
1CRMHTH17,0
1CRMHTH20,0
1CRMHTH20,0
1CRMHTH20,0
1CRMHTH19,0
1CRMHTH19,0
1CRMHTH19,0
1CRMHTH24,0
1CRMHTH24,0
1CRMHTH24,0
1CRMHTH37,0
1CRMHTH37,0
1CRMHTH37,0
1CRMHTH44,0
1CRMHTH44,0
1CRMHTH44,0
1CRMLWK01,0
1CRMLWK01,0
1CRMLWK01,1
1CRRJAJ04,0
1CRRJAJ04,0
1CRRJAJ04,0
1CRRJAL03,0
1CRRJAL03,1
1CRRJAL03,1
1CRRJBM04,0
1CRRJBM04,0
1CRRJBM04,0
1CRRJBU02,1
1CRRJBU02,0
1CRRJBU02,0
1CRRJCH03,0
1CRRJCH03,1
1CRRJCH03,1
1CRRJCU01,0
1CRRJCU01,0
1CRRJCU01,0
1CRRJDA01,0
1CRRJDA01,0
1CRRJDA01,0
1CRRJGA01,0
1CRRJGA01,0
1CRRJGA01,0
1CRRJHG02,0
1CRRJHG02,0
1CRRJHG02,0
1CRRJJL01,0
1CRRJJL01,0
1CRRJJL01,0
1CRRJJP06,1
1CRRJJP06,1
1CRRJJP06,1
1CRRJJP09,0
1CRRJJP09,0
1CRRJJP09,0
1CRRJJP15,1
1CRRJJP15,1
1CRRJJP15,1
1CRRJJP20,0
1CRRJJP20,0
1CRRJJP20,0
1CRRJJP22,1
1CRRJJP22,0
1CRRJJP22,0
1CRRJJP27,0
1CRRJJP27,0
1CRRJJP27,0
1CRRJJP37,0
1CRRJJP37,0
1CRRJJP37,0
1CRRJJS01,1
1CRRJJS01,1
1CRRJJS01,1
1CRRJPA05,1
1CRRJPA05,0
1CRRJPA05,0
1CRRJSK01,0
1CRRJSK01,0
1CRRJSK01,0
1CRRJUD04,0
1CRRJUD04,0
1CRRJUD04,0
1CRUPFZ01,0
1CRUPFZ01,0
1CRUPFZ01,0
1CRUPMZ01,1
1CRUPMZ01,1
1CRUPMZ01,0
1CRUPSU01,0
1CRUPSU01,0
1CRUPSU01,0
1CRWBKL03,0
1CRWBKL03,0
1CRWBKL03,1
1CRWBKL04,0
1CRWBKL04,0
1CRWBKL04,0
1CRWBKL17,0
1CRWBKL17,0
1CRWBKL17,0
1CRWBPN01,0
1CRWBPN01,0
1CRWBPN01,0
1FDJHU17,0
1FDJHU17,0
1FDJHU17,0
1RDNAHM09,0
1RDNAHM09,0
1RDNAHM09,0
3CRUPGR01,0
3CRUPGR01,0
3CRUPGR01,0
1CRGJAH20,0
1CRGJAH20,0
1CRGJAH20,0
1CRWBHG501,1
1CRWBHG501,1
1CRWBHG501,1
1FDBDN19,1
1FDBDN19,1
1FDBDN19,1
1FNJUN11,0
1FNJUN11,0
1FNJUN11,0
1FNMRD18,0
1FNMRD18,0
1FNMRD18,0
1RDNKAN15,0
1RDNKAN15,0
1RDNKAN15,0
1RDWJAI31,1
1RDWJAI31,0
1RDWJAI31,1
1RDWLUC54,0
1RDWLUC54,1
1RDWLUC54,1
1FDBOM182,0
1FDBOM182,0
1FDBOM182,0
1FDKAN169,0
1FDKAN169,1
1FDKAN169,1
1FDSKN03,0
1FDSKN03,0
1FDSKN03,0
1FNJAI91,0
1FNJAI91,0
1FNJAI91,1
1RDWKUS01,0
1RDWKUS01,0
1RDWKUS01,0
1FDANA65,0
1FDANA65,0
1FDANA65,0
1FDKOT28,0
1FDKOT28,0
1FDKOT28,0
1FNKAN68,1
1FNKAN68,0
1FNKAN68,0
1FNNOR01,0
1FNNOR01,0
1FNNOR01,0
1RDDKOL13,0
1RDDKOL13,0
1RDDKOL13,0
1RDNKOL33,0
1RDNKOL33,0
1RDNKOL33,0
1RDNUDP06,0
1RDNUDP06,0
1RDNUDP06,0
1DBA09736,0
1DBA09736,1
1DBA09736,1
1FDBNK19,1
1FDBNK19,1
1FDBNK19,0
1FNSMD14,0
1FNSMD14,0
1FNSMD14,0
1RDNAHM59,0
1RDNAHM59,0
1RDNAHM59,0
1CRRJBL03,1
1CRRJBL03,1
1CRRJBL03,1
3CRRJHG03,0
3CRRJHG03,1
3CRRJHG03,1
1CRMHMU511,0
1CRMHMU511,0
1CRMHMU511,0
1FDBDN21,0
1FDBDN21,0
1FDBDN21,1
1FNALD36,0
1FNALD36,0
1FNALD36,0
1FNBHL08,0
1FNBHL08,0
1FNBHL08,0
1FNGAN02,0
1FNGAN02,0
1FNGAN02,0
1FNKOL115,0
1FNKOL115,0
1FNKOL115,0
1FNKOL137,0
1FNKOL137,0
1FNKOL137,0
1FNNOR04,1
1FNNOR04,0
1FNNOR04,1
1FDABN41,1
1FDABN41,0
1FDABN41,0
1FDAJM48,0
1FDAJM48,0
1FDAJM48,0
1FNAHM83,0
1FNAHM83,0
1FNAHM83,0
1FNFZB43,0
1FNFZB43,0
1FNFZB43,0
1FNJAI61,0
1FNJAI61,0
1FNJAI61,0
1CRMHMU58,0
1CRMHMU58,0
1CRMHMU58,0
1FDGKP11,0
1FDGKP11,0
1FDGKP11,0
1FNABN32,0
1FNABN32,0
1FNABN32,0
1FNBBN12,0
1FNBBN12,0
1FNBBN12,0
1FNHOG11,0
1FNHOG11,0
1FNHOG11,0
1FNRSM02,1
1FNRSM02,1
1FNRSM02,0
1FWKOL234,0
1FWKOL234,0
1FWKOL234,0
1CRHGJMB01,0
1CRHGJMB01,0
1CRHGJMB01,0
1CRHUPVA13,0
1CRHUPVA13,0
1CRHUPVA13,0
1FDBOM151,0
1FDBOM151,0
1FDBOM151,1
1FNABN19,0
1FNABN19,0
1FNABN19,0
1CRHRJAJ01,0
1CRHRJAJ01,0
1CRHRJAJ01,0
1FDBDN18,0
1FDBDN18,0
1FDBDN18,0
1FDBOM355,1
1FDBOM355,1
1FDBOM355,0
1FNJAI115,1
1FNJAI115,1
1FNJAI115,1
1FNKOL138,0
1FNKOL138,0
1FNKOL138,0
1FNKSH04,0
1FNKSH04,0
1FNKSH04,0
1FNPLI04,1
1FNPLI04,0
1FNPLI04,0
1RDNALD09,1
1RDNALD09,1
1RDNALD09,1
1CRHUPAL05,0
1CRHUPAL05,0
1CRHUPAL05,0
1CRRJJP12,1
1CRRJJP12,0
1CRRJJP12,0
1FNABN33,0
1FNABN33,0
1FNABN33,0
1FNALD38,0
1FNALD38,0
1FNALD38,0
1FNKAN113,0
1FNKAN113,0
1FNKAN113,0
1FNRBL27,0
1FNRBL27,0
1FNRBL27,0
1RDNKOL22,1
1RDNKOL22,0
1RDNKOL22,0
1RDWPTP05,0
1RDWPTP05,0
1RDWPTP05,0
1FDAHM91,0
1FDAHM91,0
1FDAHM91,0
1FDRGH19,0
1FDRGH19,0
1FDRGH19,0
1FNJAI118,0
1FNJAI118,0
1FNJAI118,0
1FNMIR13,0
1FNMIR13,0
1FNMIR13,0
1FNMRD09,0
1FNMRD09,0
1FNMRD09,0
1RDDKAN06,0
1RDDKAN06,0
1RDDKAN06,0
1RDNKOL10,0
1RDNKOL10,0
1RDNKOL10,0
1RDWUDP14,0
1RDWUDP14,0
1RDWUDP14,0
1CRUPKN05,0
1CRUPKN05,0
1CRUPKN05,0
1FDBIK36,0
1FDBIK36,0
1FDBIK36,0
1FDBOM324,1
1FDBOM324,1
1FDBOM324,0
1FNJAI136,0
1FNJAI136,0
1FNJAI136,1
1FNJAI98,0
1FNJAI98,0
1FNJAI98,0
1FNKCC07,0
1FNKCC07,0
1FNKCC07,0
1CRWBBW02,0
1CRWBBW02,0
1CRWBBW02,0
1FDBST05,0
1FDBST05,0
1FDBST05,0
1FDJDP48,0
1FDJDP48,0
1FDJDP48,1
1FNANA43,0
1FNANA43,0
1FNANA43,0
1FNMRD15,0
1FNMRD15,0
1FNMRD15,0
1RDWKAN24,0
1RDWKAN24,1
1RDWKAN24,1
1CRMHTH33,1
1CRMHTH33,0
1CRMHTH33,0
1FDAHM169,0
1FDAHM169,0
1FDAHM169,1
1FDSRO04,0
1FDSRO04,0
1FDSRO04,0
1FNAMT08,0
1FNAMT08,0
1FNAMT08,0
1FNANA52,0
1FNANA52,0
1FNANA52,0
1FNBRM10,1
1FNBRM10,0
1FNBRM10,0
1FNJAI96,0
1FNJAI96,0
1FNJAI96,0
1FNRBL39,0
1FNRBL39,0
1FNRBL39,0
1RDDALD06,0
1RDDALD06,0
1RDDALD06,0
1FDBNK18,0
1FDBNK18,0
1FDBNK18,1
1FDBOM288,0
1FDBOM288,0
1FDBOM288,0
1FNFZB27,0
1FNFZB27,0
1FNFZB27,0
1FNJSL08,1
1FNJSL08,1
1FNJSL08,1
1FNJSL05,0
1FNJSL05,1
1FNJSL05,1
1FNPRL02,1
1FNPRL02,1
1FNPRL02,1
1FNPRL01,0
1FNPRL01,0
1FNPRL01,0
1FWKOL231,1
1FWKOL231,0
1FWKOL231,0
1FDBOM330,1
1FDBOM330,1
1FDBOM330,1
1RDWBOM09,0
1RDWBOM09,1
1RDWBOM09,1
1FDBOM367,0
1FDBOM367,0
1FDBOM367,0
1FDDBG03,0
1FDDBG03,0
1FDDBG03,0
1FDJNP15,0
1FDJNP15,0
1FDJNP15,0
1FDKCC19,0
1FDKCC19,0
1FDKCC19,0
1FNAHM108,0
1FNAHM108,0
1FNAHM108,1
1FNALD79,0
1FNALD79,0
1FNALD79,0
1FNKMR10,0
1FNKMR10,0
1FNKMR10,0
1FNLUC81,0
1FNLUC81,0
1FNLUC81,1
1FNSDR06,0
1FNSDR06,0
1FNSDR06,0
1RNDAZM06,0
1RNDAZM06,0
1RNDAZM06,0
1FNBOM118,0
1FNBOM118,0
1FNBOM118,0
1FNDUN13,1
1FNDUN13,0
1FNDUN13,0
1RDNAJM06,0
1RDNAJM06,0
1RDNAJM06,1
1FDAJM27,0
1FDAJM27,0
1FDAJM27,0
1FDBOM317,0
1FDBOM317,0
1FDBOM317,0
1FDKOC001,1
1FDKOC001,0
1FDKOC001,0
1FDKRI16,0
1FDKRI16,0
1FDKRI16,0
1FNJUN17,1
1FNJUN17,0
1FNJUN17,0
1FNRBL09,0
1FNRBL09,1
1FNRBL09,1
1RDNCHU01,0
1RDNCHU01,0
1RDNCHU01,0
1FDLUC112,0
1FDLUC112,0
1FDLUC112,0
1FNBBM03,0
1FNBBM03,0
1FNBBM03,0
1FNKRI17,0
1FNKRI17,0
1FNKRI17,0
1FDJMG26,0
1FDJMG26,0
1FDJMG26,0
1FDKAN165,0
1FDKAN165,0
1FDKAN165,0
1FNLUC59,0
1FNLUC59,0
1FNLUC59,0
1FNVAR44,0
1FNVAR44,0
1FNVAR44,0
1RDDLUC06,0
1RDDLUC06,0
1RDDLUC06,1
1RDWMEH13,0
1RDWMEH13,0
1RDWMEH13,0
1CRUPST01,0
1CRUPST01,0
1CRUPST01,0
1FDKOL168,0
1FDKOL168,0
1FDKOL168,0
1FNAJM59,0
1FNAJM59,0
1FNAJM59,0
1FDALW19,0
1FDALW19,0
1FDALW19,0
1FNAHM67,1
1FNAHM67,1
1FNAHM67,1
1FNLUC118,0
1FNLUC118,0
1FNLUC118,0
1RDDGZP02,0
1RDDGZP02,0
1RDDGZP02,0
1RDDKAN04,1
1RDDKAN04,1
1RDDKAN04,0
1RDDMUM85,0
1RDDMUM85,0
1RDDMUM85,0
1RDWUDP13,0
1RDWUDP13,0
1RDWUDP13,0
1FDBAN03,0
1FDBAN03,0
1FDBAN03,1
1FDBNW28,0
1FDBNW28,0
1FDBNW28,0
1FDBOM352,0
1FDBOM352,0
1FDBOM352,0
1FNALD131,1
1FNALD131,0
1FNALD131,0
1FNKAN35,0
1FNKAN35,0
1FNKAN35,0
1FNPGS05,1
1FNPGS05,0
1FNPGS05,0
1RDNRAJ10,1
1RDNRAJ10,0
1RDNRAJ10,0
1CRMHMU504,0
1CRMHMU504,0
1CRMHMU504,0
1FDDUN23,0
1FDDUN23,1
1FDDUN23,1
1FDKOL173,0
1FDKOL173,1
1FDKOL173,1
1FDKOT27,0
1FDKOT27,0
1FDKOT27,0
1FNABN31,0
1FNABN31,0
1FNABN31,0
1FNAHM70,0
1FNAHM70,0
1FNAHM70,0
1CRHUPVA07,0
1CRHUPVA07,0
1CRHUPVA07,0
1FNANA39,0
1FNANA39,0
1FNANA39,0
1RDDMUM51,1
1RDDMUM51,1
1RDDMUM51,1
1RDNAHM04,0
1RDNAHM04,0
1RDNAHM04,0
1RDNUDP09,0
1RDNUDP09,0
1RDNUDP09,0
1RDWMUM94,0
1RDWMUM94,0
1RDWMUM94,0
1RDWRVN02,0
1RDWRVN02,0
1RDWRVN02,1
1FNAJM21,1
1FNAJM21,1
1FNAJM21,0
1FNFTP14,1
1FNFTP14,1
1FNFTP14,1
1FNKOL119,0
1FNKOL119,0
1FNKOL119,0
1FNPTP13,0
1FNPTP13,0
1FNPTP13,0
1RDDAHM05,0
1RDDAHM05,0
1RDDAHM05,0
1RDDKAN10,0
1RDDKAN10,0
1RDDKAN10,0
1RDNKOL04,0
1RDNKOL04,0
1RDNKOL04,0
1CRUPFP02,0
1CRUPFP02,0
1CRUPFP02,0
1FDBHL34,1
1FDBHL34,0
1FDBHL34,0
1FNAJM74,0
1FNAJM74,0
1FNAJM74,0
1FNMLD02,0
1FNMLD02,0
1FNMLD02,0
1FWKOL226,0
1FWKOL226,0
1FWKOL226,0
1RDNAHM19,0
1RDNAHM19,0
1RDNAHM19,0
1RDNLUC31,0
1RDNLUC31,0
1RDNLUC31,0
1FNJMG13,0
1FNJMG13,1
1FNJMG13,1
1FNSDR17,0
1FNSDR17,0
1FNSDR17,0
1FDKOL171,1
1FDKOL171,1
1FDKOL171,1
1FDSIK13,0
1FDSIK13,0
1FDSIK13,0
1FNKOL230,0
1FNKOL230,0
1FNKOL230,0
1FNRBL07,0
1FNRBL07,0
1FNRBL07,1
1FDBOM107,0
1FDBOM107,1
1FDBOM107,1
1FDLUC107,0
1FDLUC107,0
1FDLUC107,1
1FNAHM85,0
1FNAHM85,0
1FNAHM85,0
1FNKOL246,0
1FNKOL246,0
1FNKOL246,0
1RDDMUM36,0
1RDDMUM36,0
1RDDMUM36,0
1CRMHMU28,0
1CRMHMU28,0
1CRMHMU28,1
1CRRJHG04,1
1CRRJHG04,1
1CRRJHG04,0
1FDBOM328,0
1FDBOM328,0
1FDBOM328,1
1FNALD68,0
1FNALD68,0
1FNALD68,0
1FNKAN133,0
1FNKAN133,0
1FNKAN133,0
1FNKUT06,0
1FNKUT06,0
1FNKUT06,0
1FNPLI05,0
1FNPLI05,0
1FNPLI05,0
1FDKOL141,0
1FDKOL141,0
1FDKOL141,0
1FNALD34,0
1FNALD34,0
1FNALD34,0
1FNKOL117,1
1FNKOL117,1
1FNKOL117,0
1FNUDP33,0
1FNUDP33,0
1FNUDP33,0
1FNUNO03,1
1FNUNO03,1
1FNUNO03,1
1RDDLUC18,0
1RDDLUC18,0
1RDDLUC18,0
1RDDMUM15,0
1RDDMUM15,0
1RDDMUM15,0
1RDNAJR01,0
1RDNAJR01,0
1RDNAJR01,0
1RDWCSM03,0
1RDWCSM03,0
1RDWCSM03,1
1FNFZB33,0
1FNFZB33,0
1FNFZB33,0
1FNKOL124,0
1FNKOL124,0
1FNKOL124,0
1FNWKH01,0
1FNWKH01,0
1FNWKH01,0
1RDDFZB02,0
1RDDFZB02,0
1RDDFZB02,0
1RDDMUM91,0
1RDDMUM91,0
1RDDMUM91,1
1RDNALW02,0
1RDNALW02,0
1RDNALW02,0
1CRRJJP502,1
1CRRJJP502,0
1CRRJJP502,0
1FNAHM117,0
1FNAHM117,0
1FNAHM117,0
1FNANA55,0
1FNANA55,0
1FNANA55,0
1FNKOL96,0
1FNKOL96,0
1FNKOL96,0
1FNKSH25,0
1FNKSH25,0
1FNKSH25,0
1FNVAR33,1
1FNVAR33,1
1FNVAR33,1
1RDDALD02,0
1RDDALD02,0
1RDDALD02,0
1RDNAHM08,0
1RDNAHM08,0
1RDNAHM08,0
1RDNJAI14,0
1RDNJAI14,0
1RDNJAI14,0
1RDWVAR31,0
1RDWVAR31,0
1RDWVAR31,0
1FDJDP22,0
1FDJDP22,0
1FDJDP22,0
1FNARR01,1
1FNARR01,0
1FNARR01,1
1FNJAI100,1
1FNJAI100,0
1FNJAI100,0
1FNJPG04,0
1FNJPG04,0
1FNJPG04,0
1FNRVN05,1
1FNRVN05,1
1FNRVN05,0
1FNSNP01,0
1FNSNP01,0
1FNSNP01,0
1RDNNAD03,0
1RDNNAD03,0
1RDNNAD03,0
1CRHUPAL07,0
1CRHUPAL07,0
1CRHUPAL07,0
1FNDUN14,0
1FNDUN14,1
1FNDUN14,1
1RDNALD08,0
1RDNALD08,0
1RDNALD08,0
1CRRJCH01,0
1CRRJCH01,1
1CRRJCH01,1
1FDBNK22,0
1FDBNK22,0
1FDBNK22,0
1FNJAI83,0
1FNJAI83,0
1FNJAI83,0
1FNVAR73,0
1FNVAR73,1
1FNVAR73,1
1FDBOM327,0
1FDBOM327,0
1FDBOM327,0
1FDJAI71,0
1FDJAI71,1
1FDJAI71,1
1FDJAI77,0
1FDJAI77,1
1FDJAI77,1
1FNSRO01,0
1FNSRO01,0
1FNSRO01,0
1RDDMUM69,0
1RDDMUM69,0
1RDDMUM69,1
1RDDVAR08,0
1RDDVAR08,0
1RDDVAR08,1
1RDWJAI30,0
1RDWJAI30,0
1RDWJAI30,0
1FDGND04,1
1FDGND04,1
1FDGND04,1
1FDLUC109,0
1FDLUC109,0
1FDLUC109,0
1FNPTP44,1
1FNPTP44,1
1FNPTP44,0
1FNSDR07,0
1FNSDR07,0
1FNSDR07,0
1FNSTP05,1
1FNSTP05,0
1FNSTP05,0
1RDNKOL28,0
1RDNKOL28,0
1RDNKOL28,0
1FDALW15,0
1FDALW15,0
1FDALW15,1
1FNALD119,0
1FNALD119,0
1FNALD119,0
1FNKOT49,1
1FNKOT49,0
1FNKOT49,0
1RDDMUM70,0
1RDDMUM70,0
1RDDMUM70,0
1RDNBOM11,1
1RDNBOM11,0
1RDNBOM11,0
1RDWMIR04,0
1RDWMIR04,0
1RDWMIR04,0
1CRRJJH13,0
1CRRJJH13,0
1CRRJJH13,0
1FDAJM43,0
1FDAJM43,1
1FDAJM43,1
1FDKOL142,0
1FDKOL142,0
1FDKOL142,0
1FNJAI53,0
1FNJAI53,0
1FNJAI53,0
1FNKOL102,0
1FNKOL102,0
1FNKOL102,0
1RDNJAI11,0
1RDNJAI11,1
1RDNJAI11,1
1FDAJM56,0
1FDAJM56,0
1FDAJM56,0
1FDBOM179,1
1FDBOM179,1
1FDBOM179,0
1FDKOL181,0
1FDKOL181,0
1FDKOL181,0
1FDNGU07,0
1FDNGU07,0
1FDNGU07,0
1FNJNP16,0
1FNJNP16,0
1FNJNP16,0
1FNKHD20,1
1FNKHD20,1
1FNKHD20,0
1RDDLUC20,0
1RDDLUC20,0
1RDDLUC20,0
1RDNUDP02,1
1RDNUDP02,1
1RDNUDP02,1
1RDWAZM02,1
1RDWAZM02,1
1RDWAZM02,0
1CRHRJUD03,0
1CRHRJUD03,1
1CRHRJUD03,1
1FDKOL122,1
1FDKOL122,1
1FDKOL122,1
1FNAZM07,1
1FNAZM07,0
1FNAZM07,0
1FNDAU03,0
1FNDAU03,0
1FNDAU03,0
1FNGDH02,0
1FNGDH02,0
1FNGDH02,0
1RDDMUM26,1
1RDDMUM26,1
1RDDMUM26,0
1RDDVAR10,0
1RDDVAR10,0
1RDDVAR10,0
1CRRJJP501,0
1CRRJJP501,0
1CRRJJP501,0
1FDBOM176,1
1FDBOM176,0
1FDBOM176,0
1FNANA69,0
1FNANA69,1
1FNANA69,1
1RDDVAR12,0
1RDDVAR12,0
1RDDVAR12,0
1RDWUDP16,0
1RDWUDP16,0
1RDWUDP16,0
1CRUPLK08,0
1CRUPLK08,0
1CRUPLK08,0
1CRUPLK11,0
1CRUPLK11,1
1CRUPLK11,1
1FDFZB36,0
1FDFZB36,0
1FDFZB36,0
1FDJAI70,0
1FDJAI70,0
1FDJAI70,0
1FDNGU08,1
1FDNGU08,0
1FDNGU08,0
1FNKOL161,0
1FNKOL161,0
1FNKOL161,0
1RDDKOT02,0
1RDDKOT02,0
1RDDKOT02,0
1FDBIK37,0
1FDBIK37,0
1FDBIK37,0
1FNABN09,0
1FNABN09,0
1FNABN09,1
1FNAHM87,0
1FNAHM87,0
1FNAHM87,0
1FNKOL220,0
1FNKOL220,0
1FNKOL220,0
1FWKOL227,0
1FWKOL227,0
1FWKOL227,0
1RDDLUC08,1
1RDDLUC08,1
1RDDLUC08,1
1RDNAMR01,0
1RDNAMR01,0
1RDNAMR01,0
1RDNJAI06,0
1RDNJAI06,0
1RDNJAI06,0
1CRRJAJ501,0
1CRRJAJ501,1
1CRRJAJ501,1
1FDBAH01,1
1FDBAH01,1
1FDBAH01,1
1FDJAI81,1
1FDJAI81,1
1FDJAI81,1
1FDUDP23,0
1FDUDP23,0
1FDUDP23,0
1FNABN11,1
1FNABN11,1
1FNABN11,1
1FNABN18,0
1FNABN18,0
1FNABN18,0
1FNDAU07,0
1FNDAU07,0
1FNDAU07,0
1FNRSM07,0
1FNRSM07,0
1FNRSM07,0
1FNSUL26,1
1FNSUL26,0
1FNSUL26,0
1FNUDP54,0
1FNUDP54,0
1FNUDP54,1
1RDDPEN01,0
1RDDPEN01,0
1RDDPEN01,0
1CRUPKN07,0
1CRUPKN07,0
1CRUPKN07,0
1FDKOL163,0
1FDKOL163,0
1FDKOL163,0
1FNDEO02,0
1FNDEO02,0
1FNDEO02,0
1FNFTP11,0
1FNFTP11,0
1FNFTP11,0
1FNKOL148,1
1FNKOL148,1
1FNKOL148,0
1FNTNK12,1
1FNTNK12,0
1FNTNK12,0
1CRRJJP13,0
1CRRJJP13,0
1CRRJJP13,0
1FDBHT11,0
1FDBHT11,0
1FDBHT11,0
1FDBOM384,0
1FDBOM384,0
1FDBOM384,0
1FNAMR09,0
1FNAMR09,0
1FNAMR09,0
1FNSVR03,0
1FNSVR03,0
1FNSVR03,0
1RDDALD05,0
1RDDALD05,0
1RDDALD05,0
1RDDMUM74,0
1RDDMUM74,0
1RDDMUM74,0
1CRRJSK03,1
1CRRJSK03,1
1CRRJSK03,0
1FDBHL37,0
1FDBHL37,0
1FDBHL37,0
1FDABN38,0
1FDABN38,1
1FDABN38,1
1FNUDP29,1
1FNUDP29,1
1FNUDP29,0
1RDDMUM77,0
1RDDMUM77,0
1RDDMUM77,0
1FDPSS07,0
1FDPSS07,0
1FDPSS07,1
1FNABN35,0
1FNABN35,0
1FNABN35,0
1FNBLR02,0
1FNBLR02,0
1FNBLR02,0
1FNDUN04,0
1FNDUN04,0
1FNDUN04,0
1FNMHG03,0
1FNMHG03,0
1FNMHG03,0
1RDDVAR06,0
1RDDVAR06,0
1RDDVAR06,0
1RDNITN01,0
1RDNITN01,0
1RDNITN01,0
1RDNRAJ08,0
1RDNRAJ08,1
1RDNRAJ08,1
1FDAJM26,0
1FDAJM26,0
1FDAJM26,0
1FDBOM343,0
1FDBOM343,0
1FDBOM343,0
1FNNGN02,0
1FNNGN02,0
1FNNGN02,0
1FNUDP32,1
1FNUDP32,0
1FNUDP32,0
1RDDMUM03,0
1RDDMUM03,0
1RDDMUM03,0
1FNHOW02,0
1FNHOW02,0
1FNHOW02,0
1RDDMUM04,0
1RDDMUM04,0
1RDDMUM04,0
1CRMHMU508,0
1CRMHMU508,0
1CRMHMU508,0
1FDBOM290,0
1FDBOM290,0
1FDBOM290,0
1RDNAHM27,0
1RDNAHM27,0
1RDNAHM27,0
1FDJPG002,0
1FDJPG002,0
1FDJPG002,0
1FNBOM93,0
1FNBOM93,0
1FNBOM93,0
1FDSIK14,1
1FDSIK14,1
1FDSIK14,0
1FNABN08,0
1FNABN08,0
1FNABN08,1
1FDKAN148,0
1FDKAN148,0
1FDKAN148,0
1FNJDP59,0
1FNJDP59,0
1FNJDP59,0
1RDDVAR16,0
1RDDVAR16,1
1RDDVAR16,1
1FDBOM277,1
1FDBOM277,0
1FDBOM277,0
1FNBND10,0
1FNBND10,0
1FNBND10,1
1RDWLUC51,0
1RDWLUC51,0
1RDWLUC51,0
1FDBOM229,0
1FDBOM229,0
1FDBOM229,0
1FDTNK20,1
1FDTNK20,1
1FDTNK20,1
1RDDJDP12,0
1RDDJDP12,0
1RDDJDP12,0
1FDBOM148,0
1FDBOM148,0
1FDBOM148,0
1FDBOM201,1
1FDBOM201,1
1FDBOM201,0
1FDNGU11,0
1FDNGU11,0
1FDNGU11,0
1CRRJAJ08,0
1CRRJAJ08,0
1CRRJAJ08,0
1FDBOM120,0
1FDBOM120,0
1FDBOM120,1
1FDBOM269,0
1FDBOM269,0
1FDBOM269,0
1FDBOM241,0
1FDBOM241,0
1FDBOM241,0
1FNJSL02,0
1FNJSL02,0
1FNJSL02,0
1RDDMUM89,1
1RDDMUM89,1
1RDDMUM89,1
1RDDRBL03,1
1RDDRBL03,1
1RDDRBL03,1
1RDNAHM38,0
1RDNAHM38,0
1RDNAHM38,0
1CRRJBL04,1
1CRRJBL04,1
1CRRJBL04,0
1CRRJJP36,1
1CRRJJP36,0
1CRRJJP36,0
1FNJDP66,1
1FNJDP66,1
1FNJDP66,0
1RDNMIR03,0
1RDNMIR03,0
1RDNMIR03,0
1FNRBL40,0
1FNRBL40,1
1FNRBL40,1
1RDDHMP01,0
1RDDHMP01,0
1RDDHMP01,1
1FDCHT16,0
1FDCHT16,0
1FDCHT16,0
1FNAHM153,0
1FNAHM153,0
1FNAHM153,0
1FNSUL16,1
1FNSUL16,0
1FNSUL16,0
1FWALD133,0
1FWALD133,1
1FWALD133,1
1CRUPLK501,0
1CRUPLK501,0
1CRUPLK501,0
1FDAJM46,0
1FDAJM46,0
1FDAJM46,0
1FNBOM96,0
1FNBOM96,0
1FNBOM96,1
1FNDBG01,0
1FNDBG01,0
1FNDBG01,0
1FNJDP33,0
1FNJDP33,1
1FNJDP33,1
1FNRVN03,0
1FNRVN03,0
1FNRVN03,0
1RDWBOM17,0
1RDWBOM17,0
1RDWBOM17,0
1FDBOM208,0
1FDBOM208,0
1FDBOM208,0
1FDAJM49,0
1FDAJM49,0
1FDAJM49,0
1RDWJNP06,1
1RDWJNP06,1
1RDWJNP06,1
1FNAHM164,0
1FNAHM164,0
1FNAHM164,0
1FNHAN16,0
1FNHAN16,0
1FNHAN16,0
1RDDRAJ09,0
1RDDRAJ09,0
1RDDRAJ09,0
1RDWUDP15,0
1RDWUDP15,0
1RDWUDP15,0
1FNGDH01,0
1FNGDH01,0
1FNGDH01,0
1RDNJMG07,0
1RDNJMG07,1
1RDNJMG07,1
1CRRJKO501,0
1CRRJKO501,0
1CRRJKO501,1
1FNKOL86,0
1FNKOL86,0
1FNKOL86,0
1RDDMUM21,0
1RDDMUM21,0
1RDDMUM21,0
1RDNAHM20,0
1RDNAHM20,1
1RDNAHM20,1
1FNBHR01,1
1FNBHR01,1
1FNBHR01,1
1FNJAI121,0
1FNJAI121,1
1FNJAI121,1
1FNKHD29,1
1FNKHD29,0
1FNKHD29,0
1FNRBL16,0
1FNRBL16,0
1FNRBL16,1
1FWJMG43,1
1FWJMG43,0
1FWJMG43,0
1FNAJM40,1
1FNAJM40,1
1FNAJM40,0
1FNJAI101,0
1FNJAI101,0
1FNJAI101,1
1FNKOL234,0
1FNKOL234,0
1FNKOL234,0
1RDNJDP04,0
1RDNJDP04,0
1RDNJDP04,1
1FNAJM72,0
1FNAJM72,0
1FNAJM72,0
1FNBRM12,0
1FNBRM12,1
1FNBRM12,1
1FNKOL205,0
1FNKOL205,0
1FNKOL205,0
1RDNUDP10,0
1RDNUDP10,0
1RDNUDP10,0
1FDAJM45,0
1FDAJM45,0
1FDAJM45,0
1FDANA47,0
1FDANA47,0
1FDANA47,1
1FDKOL179,0
1FDKOL179,0
1FDKOL179,1
1FNKAN91,0
1FNKAN91,0
1FNKAN91,0
1FNAHM148,0
1FNAHM148,0
1FNAHM148,0
1FWADR02,0
1FWADR02,0
1FWADR02,0
1FWJMG42,0
1FWJMG42,0
1FWJMG42,0
1RDWPTP03,0
1RDWPTP03,0
1RDWPTP03,0
1FNALD30,0
1FNALD30,0
1FNALD30,0
1FNKAN177,0
1FNKAN177,0
1FNKAN177,0
1FNPLI14,0
1FNPLI14,0
1FNPLI14,0
1FDKOL174,0
1FDKOL174,0
1FDKOL174,0
1FNAMT20,0
1FNAMT20,0
1FNAMT20,0
1RDWAHM61,0
1RDWAHM61,0
1RDWAHM61,0
1FDSIK19,0
1FDSIK19,0
1FDSIK19,0
1FNBND11,0
1FNBND11,1
1FNBND11,1
1FNAJM79,0
1FNAJM79,0
1FNAJM79,0
1FNBRR06,0
1FNBRR06,1
1FNBRR06,1
1FNSMD10,0
1FNSMD10,0
1FNSMD10,0
1FDBOM225,0
1FDBOM225,0
1FDBOM225,0
1FDSDR03,0
1FDSDR03,0
1FDSDR03,1
1FDKAN164,0
1FDKAN164,0
1FDKAN164,0
1FDUDP25,0
1FDUDP25,0
1FDUDP25,0
1FNJAI102,1
1FNJAI102,1
1FNJAI102,0
1CRUPLK12,0
1CRUPLK12,0
1CRUPLK12,0
1FNJDP61,0
1FNJDP61,0
1FNJDP61,0
1FNRAJ70,0
1FNRAJ70,0
1FNRAJ70,0
1FDKOL184,0
1FDKOL184,0
1FDKOL184,0
1RDDKAN11,1
1RDDKAN11,0
1RDDKAN11,0
1RDNJDP06,0
1RDNJDP06,0
1RDNJDP06,0
1FDBOM348,0
1FDBOM348,0
1FDBOM348,0
1RDWLUC41,0
1RDWLUC41,1
1RDWLUC41,1
1RDDFTP01,0
1RDDFTP01,0
1RDDFTP01,0
1RDWMIR05,1
1RDWMIR05,1
1RDWMIR05,1
1FNJAI116,0
1FNJAI116,0
1FNJAI116,0
1FNMIR18,0
1FNMIR18,0
1FNMIR18,0
1FNSIK08,1
1FNSIK08,1
1FNSIK08,1
1FNAMT18,0
1FNAMT18,0
1FNAMT18,0
1FNKHD51,0
1FNKHD51,0
1FNKHD51,0
1FDBOM235,0
1FDBOM235,0
1FDBOM235,0
1FDJLO04,1
1FDJLO04,0
1FDJLO04,0
1FDESK02,0
1FDESK02,0
1FDESK02,0
1FNGDH08,0
1FNGDH08,0
1FNGDH08,0
1CRWBKL502,0
1CRWBKL502,0
1CRWBKL502,0
1CRMHMU509,0
1CRMHMU509,0
1CRMHMU509,0
1FDSKN02,1
1FDSKN02,1
1FDSKN02,1
1FDRGH30,1
1FDRGH30,1
1FDRGH30,1
1FNJAI52,1
1FNJAI52,1
1FNJAI52,0
1RDDMUM16,0
1RDDMUM16,0
1RDDMUM16,0
1FNJDP25,0
1FNJDP25,0
1FNJDP25,0
1RDNRAJ12,0
1RDNRAJ12,0
1RDNRAJ12,1
1FNDUN18,0
1FNDUN18,0
1FNDUN18,0
1FNKOL211,0
1FNKOL211,0
1FNKOL211,0
1FNFTP04,0
1FNFTP04,0
1FNFTP04,0
1DBA09321,0
1DBA09321,0
1DBA09321,0
1FDBHL41,0
1FDBHL41,0
1FDBHL41,0
1FNKOL227,0
1FNKOL227,1
1FNKOL227,1
1FNAMT09,0
1FNAMT09,0
1FNAMT09,0
1RDNDAU01,1
1RDNDAU01,1
1RDNDAU01,0
1CRUPKN06,1
1CRUPKN06,1
1CRUPKN06,0
1FNANA04,1
1FNANA04,1
1FNANA04,1
1RDDMUM72,0
1RDDMUM72,0
1RDDMUM72,0
1FNKOL131,0
1FNKOL131,0
1FNKOL131,0
1RDDLUC17,0
1RDDLUC17,0
1RDDLUC17,0
1FNSBK14,0
1FNSBK14,1
1FNSBK14,1
1FNBND25,1
1FNBND25,0
1FNBND25,0
1FNKOL233,0
1FNKOL233,0
1FNKOL233,0
1FNGZP09,0
1FNGZP09,0
1FNGZP09,0
1FNTNK11,1
1FNTNK11,0
1FNTNK11,0
1FNSUL32,1
1FNSUL32,1
1FNSUL32,1
1RDWBOM31,0
1RDWBOM31,0
1RDWBOM31,0
1CRHRJKO03,0
1CRHRJKO03,0
1CRHRJKO03,0
1FNRAJ01,0
1FNRAJ01,0
1FNRAJ01,0
1FNJMG28,0
1FNJMG28,0
1FNJMG28,0
1FNPNN01,0
1FNPNN01,0
1FNPNN01,1
1RDNUPD03,0
1RDNUPD03,0
1RDNUPD03,1
1FNDAR10,0
1FNDAR10,0
1FNDAR10,0
1FNSUL22,0
1FNSUL22,0
1FNSUL22,1
1RDWVAR32,0
1RDWVAR32,0
1RDWVAR32,0
1RDNJMG09,0
1RDNJMG09,0
1RDNJMG09,0
1FNFTP45,0
1FNFTP45,0
1FNFTP45,0
1FNGKP07,0
1FNGKP07,0
1FNGKP07,0
1FDBHA08,1
1FDBHA08,1
1FDBHA08,1
1FDJAI132,0
1FDJAI132,0
1FDJAI132,0
1RDNKAL01,1
1RDNKAL01,0
1RDNKAL01,0
1FDBDN08,0
1FDBDN08,0
1FDBDN08,0
1FNFTP44,0
1FNFTP44,0
1FNFTP44,0
1FDPLI11,0
1FDPLI11,0
1FDPLI11,0
1FNAHM73,0
1FNAHM73,0
1FNAHM73,0
1FNAHM80,1
1FNAHM80,0
1FNAHM80,0
1FNKOL83,1
1FNKOL83,1
1FNKOL83,0
1FNGDH04,0
1FNGDH04,0
1FNGDH04,0
1FNUDP20,0
1FNUDP20,0
1FNUDP20,0
1FWTNA03,1
1FWTNA03,1
1FWTNA03,0
1FNCHT04,0
1FNCHT04,0
1FNCHT04,1
1FNJDP26,0
1FNJDP26,0
1FNJDP26,0
1CRGJBK501,1
1CRGJBK501,1
1CRGJBK501,1
1FDUDP51,1
1FDUDP51,1
1FDUDP51,0
1RDDPUN29,1
1RDDPUN29,1
1RDDPUN29,1
1RDNTRP01,0
1RDNTRP01,0
1RDNTRP01,0
1FDBOM231,0
1FDBOM231,1
1FDBOM231,1
1FDBST04,0
1FDBST04,0
1FDBST04,0
1FNAMT05,0
1FNAMT05,1
1FNAMT05,1
1FNJAI138,0
1FNJAI138,0
1FNJAI138,0
1RDDMUM46,0
1RDDMUM46,0
1RDDMUM46,0
1RDNUDP01,0
1RDNUDP01,0
1RDNUDP01,0
1FDJAI135,0
1FDJAI135,0
1FDJAI135,0
1FDJDP41,0
1FDJDP41,0
1FDJDP41,0
1FDBOM216,0
1FDBOM216,0
1FDBOM216,0
1FNPUM03,0
1FNPUM03,0
1FNPUM03,0
1RDNJMG05,0
1RDNJMG05,1
1RDNJMG05,1
1FDCAC04,0
1FDCAC04,0
1FDCAC04,0
1FNBNW14,0
1FNBNW14,0
1FNBNW14,0
1RDWJAI42,0
1RDWJAI42,0
1RDWJAI42,1
1FDBHL38,1
1FDBHL38,0
1FDBHL38,0
1FDBOM376,0
1FDBOM376,0
1FDBOM376,0
1FNKHD06,0
1FNKHD06,0
1FNKHD06,0
1FNKSH29,0
1FNKSH29,0
1FNKSH29,0
1RDDMUM31,0
1RDDMUM31,0
1RDDMUM31,0
1FDCHT17,0
1FDCHT17,0
1FDCHT17,0
1RDNNDW01,1
1RDNNDW01,1
1RDNNDW01,0
1FNABN24,0
1FNABN24,0
1FNABN24,0
1FDJDP21,0
1FDJDP21,0
1FDJDP21,1
1FDUDP26,0
1FDUDP26,0
1FDUDP26,0
1CRRJJH10,1
1CRRJJH10,1
1CRRJJH10,1
1CRRJPA01,0
1CRRJPA01,1
1CRRJPA01,1
1FNBIK08,0
1FNBIK08,1
1FNBIK08,1
1FDBOM178,0
1FDBOM178,0
1FDBOM178,0
1DBA07881,0
1DBA07881,0
1DBA07881,0
1FDBOM392,0
1FDBOM392,0
1FDBOM392,0
1FNAMT03,1
1FNAMT03,1
1FNAMT03,1
1CRMHMU501,0
1CRMHMU501,0
1CRMHMU501,0
1CRMHTH46,1
1CRMHTH46,1
1CRMHTH46,1
1CRRJJH04,0
1CRRJJH04,0
1CRRJJH04,0
1FNHOG06,1
1FNHOG06,1
1FNHOG06,0
1FNKCC23,0
1FNKCC23,0
1FNKCC23,0
1FDBHL36,1
1FDBHL36,1
1FDBHL36,1
1RDDAHM46,0
1RDDAHM46,1
1RDDAHM46,1
1FDBOM166,0
1FDBOM166,0
1FDBOM166,0
1FNAJM75,1
1FNAJM75,0
1FNAJM75,0
1FNFTP20,0
1FNFTP20,0
1FNFTP20,0
1RDWSUL01,0
1RDWSUL01,0
1RDWSUL01,0
1FNCAC02,1
1FNCAC02,0
1FNCAC02,0
1FNKAG01,0
1FNKAG01,0
1FNKAG01,0
1RDNKOL34,0
1RDNKOL34,0
1RDNKOL34,0
1FNKOL136,0
1FNKOL136,0
1FNKOL136,1
1RDNLUC36,0
1RDNLUC36,0
1RDNLUC36,0
1FNAMT32,0
1FNAMT32,0
1FNAMT32,0
1FNMRD12,0
1FNMRD12,0
1FNMRD12,0
1FDBHL39,1
1FDBHL39,0
1FDBHL39,0
1FDJDP46,0
1FDJDP46,1
1FDJDP46,1
1RDDMUM07,0
1RDDMUM07,0
1RDDMUM07,0
1FNANA20,1
1FNANA20,0
1FNANA20,0
1FNKOL150,0
1FNKOL150,0
1FNKOL150,0
1FNKOH03,0
1FNKOH03,1
1FNKOH03,1
1FNBOM95,0
1FNBOM95,1
1FNBOM95,1
1FDBOM174,0
1FDBOM174,0
1FDBOM174,0
1FDBOM358,0
1FDBOM358,0
1FDBOM358,0
1FNALD121,0
1FNALD121,0
1FNALD121,0
1FNNDA03,0
1FNNDA03,0
1FNNDA03,0
1RDWKOL61,0
1RDWKOL61,0
1RDWKOL61,0
1FDDAR02,0
1FDDAR02,1
1FDDAR02,1
1FNSBK05,0
1FNSBK05,0
1FNSBK05,0
1FDMEH04,1
1FDMEH04,0
1FDMEH04,0
1RDDMUM93,0
1RDDMUM93,0
1RDDMUM93,0
1FDRGH13,0
1FDRGH13,0
1FDRGH13,0
1FDBOM282,0
1FDBOM282,0
1FDBOM282,0
1FDBIK24,0
1FDBIK24,0
1FDBIK24,0
1FDSNP02,1
1FDSNP02,1
1FDSNP02,0
1FNJDP34,0
1FNJDP34,0
1FNJDP34,0
1FNKMR14,0
1FNKMR14,0
1FNKMR14,0
1FDKOL187,0
1FDKOL187,0
1FDKOL187,0
1FDBOM123,0
1FDBOM123,0
1FDBOM123,0
1FNBOM72,1
1FNBOM72,1
1FNBOM72,1
1FNJHU05,0
1FNJHU05,0
1FNJHU05,0
1FNLUC67,0
1FNLUC67,0
1FNLUC67,0
1RDDMUM27,0
1RDDMUM27,0
1RDDMUM27,0
1FNMRD07,0
1FNMRD07,0
1FNMRD07,0
1FNMDP03,1
1FNMDP03,1
1FNMDP03,1
1FDPGS09,0
1FDPGS09,0
1FDPGS09,0
1FDBOM321,1
1FDBOM321,1
1FDBOM321,1
1FNKMR06,0
1FNKMR06,0
1FNKMR06,0
1FNKOL228,0
1FNKOL228,0
1FNKOL228,0
1FDBOM223,0
1FDBOM223,0
1FDBOM223,0
1RDDMUM79,0
1RDDMUM79,0
1RDDMUM79,0
1FDBKU02,0
1FDBKU02,0
1FDBKU02,1
1FDBOM210,0
1FDBOM210,0
1FDBOM210,0
1FNAZM11,0
1FNAZM11,0
1FNAZM11,0
1RDDLUC02,0
1RDDLUC02,0
1RDDLUC02,0
1CRWBKL07,1
1CRWBKL07,1
1CRWBKL07,1
1FNKAN109,0
1FNKAN109,0
1FNKAN109,0
1FDBOM381,0
1FDBOM381,1
1FDBOM381,1
1FNGDH14,0
1FNGDH14,0
1FNGDH14,0
1FDKOT31,0
1FDKOT31,0
1FDKOT31,0
1FDBOM350,0
1FDBOM350,0
1FDBOM350,0
1CRMHTH35,0
1CRMHTH35,0
1CRMHTH35,0
1CRUPKN18,1
1CRUPKN18,1
1CRUPKN18,0
1FNDUN03,0
1FNDUN03,0
1FNDUN03,0
1FDBOM386,0
1FDBOM386,0
1FDBOM386,0
1RDWAZM03,0
1RDWAZM03,0
1RDWAZM03,0
1FNALD75,1
1FNALD75,0
1FNALD75,0
1FNJOR03,0
1FNJOR03,0
1FNJOR03,0
1FNBAL08,1
1FNBAL08,1
1FNBAL08,1
1FNAMT07,1
1FNAMT07,1
1FNAMT07,0
1FNFZB16,0
1FNFZB16,0
1FNFZB16,0
1RDNALD13,1
1RDNALD13,1
1RDNALD13,1
1FDJHU14,0
1FDJHU14,0
1FDJHU14,0
1FNBHP02,0
1FNBHP02,0
1FNBHP02,0
1FNKAN86,0
1FNKAN86,0
1FNKAN86,0
1FNKHD41,0
1FNKHD41,0
1FNKHD41,0
1RDDVAR11,1
1RDDVAR11,1
1RDDVAR11,1
1FNALD133,0
1FNALD133,0
1FNALD133,0
1FNRBL24,0
1FNRBL24,0
1FNRBL24,0
1FNALD94,0
1FNALD94,0
1FNALD94,0
1FNLUC86,1
1FNLUC86,1
1FNLUC86,0
1FNABN15,0
1FNABN15,0
1FNABN15,0
1FNBAN05,0
1FNBAN05,0
1FNBAN05,0
1FNFTP46,0
1FNFTP46,0
1FNFTP46,0
1FNAMT14,0
1FNAMT14,0
1FNAMT14,0
1FNBST06,0
1FNBST06,0
1FNBST06,1
1RDDALD01,1
1RDDALD01,1
1RDDALD01,1
1CRRJJS02,0
1CRRJJS02,0
1CRRJJS02,0
1CRRJGA06,0
1CRRJGA06,0
1CRRJGA06,0
1FNKOL232,0
1FNKOL232,0
1FNKOL232,0
1FNAJM61,0
1FNAJM61,1
1FNAJM61,1
1FNSUL29,0
1FNSUL29,0
1FNSUL29,0
1FNAJM76,0
1FNAJM76,0
1FNAJM76,0
1CRUPSU04,0
1CRUPSU04,0
1CRUPSU04,0
1FNKAN58,0
1FNKAN58,0
1FNKAN58,0
1FNRBL18,0
1FNRBL18,0
1FNRBL18,0
1RDWABN03,0
1RDWABN03,0
1RDWABN03,0
1FNFTP37,0
1FNFTP37,0
1FNFTP37,0
1FNPSS06,0
1FNPSS06,0
1FNPSS06,0
1FNRBL44,0
1FNRBL44,0
1FNRBL44,0
1FDKOL125,1
1FDKOL125,1
1FDKOL125,1
1FNAJM18,1
1FNAJM18,1
1FNAJM18,0
1FNALD90,0
1FNALD90,0
1FNALD90,0
1FDBRM12,0
1FDBRM12,1
1FDBRM12,1
1FNCND05,1
1FNCND05,1
1FNCND05,1
1FNKCC11,0
1FNKCC11,0
1FNKCC11,0
1FNKHD35,1
1FNKHD35,1
1FNKHD35,1
1FNKSH27,0
1FNKSH27,0
1FNKSH27,0
1FNRAJ40,0
1FNRAJ40,0
1FNRAJ40,0
1FNUDP58,1
1FNUDP58,1
1FNUDP58,1
1FDJAI134,0
1FDJAI134,0
1FDJAI134,0
1FNABN20,0
1FNABN20,0
1FNABN20,0
1FNPTP22,0
1FNPTP22,0
1FNPTP22,0
1RDNRAJ07,0
1RDNRAJ07,1
1RDNRAJ07,1
1FNSUL27,0
1FNSUL27,0
1FNSUL27,0
1RDWLUC55,0
1RDWLUC55,0
1RDWLUC55,0
1FNJDP71,0
1FNJDP71,1
1FNJDP71,1
1RDWALD21,0
1RDWALD21,0
1RDWALD21,0
1RDWAHM51,1
1RDWAHM51,0
1RDWAHM51,0
1FDJDP44,0
1FDJDP44,0
1FDJDP44,0
1FNKAN129,0
1FNKAN129,0
1FNKAN129,0
1RDWPTP01,1
1RDWPTP01,0
1RDWPTP01,0
1FNHAJ01,1
1FNHAJ01,0
1FNHAJ01,0
1FNKUT05,0
1FNKUT05,0
1FNKUT05,0
1FNPTP19,1
1FNPTP19,0
1FNPTP19,0
1RDDMUM53,0
1RDDMUM53,0
1RDDMUM53,0
1FNCHU10,0
1FNCHU10,0
1FNCHU10,0
1FNSUL12,0
1FNSUL12,0
1FNSUL12,0
1FNKAN138,0
1FNKAN138,1
1FNKAN138,1
1DBA15961,0
1DBA15961,0
1DBA15961,1
1FNKOK02,0
1FNKOK02,0
1FNKOK02,0
1FDBOM289,0
1FDBOM289,0
1FDBOM289,0
1FNSDR08,0
1FNSDR08,0
1FNSDR08,0
1RDDUNC01,0
1RDDUNC01,0
1RDDUNC01,0
1RDDKAN14,0
1RDDKAN14,0
1RDDKAN14,0
1FDHAN09,0
1FDHAN09,0
1FDHAN09,0
1FNRAJ02,0
1FNRAJ02,0
1FNRAJ02,0
1FDJDP20,1
1FDJDP20,1
1FDJDP20,1
1FDFZB39,0
1FDFZB39,0
1FDFZB39,1
1FNBIK09,0
1FNBIK09,0
1FNBIK09,0
1FNBLR01,0
1FNBLR01,0
1FNBLR01,0
1RDNDWA01,0
1RDNDWA01,0
1RDNDWA01,0
1FNBNG01,0
1FNBNG01,0
1FNBNG01,0
1FNKHD58,0
1FNKHD58,0
1FNKHD58,0
1FNRBL20,0
1FNRBL20,1
1FNRBL20,1
1FNKSH12,0
1FNKSH12,0
1FNKSH12,0
1CRUPVA05,0
1CRUPVA05,0
1CRUPVA05,0
1FDFZB41,0
1FDFZB41,0
1FDFZB41,0
1FNABN17,0
1FNABN17,0
1FNABN17,0
1FDSRO03,0
1FDSRO03,0
1FDSRO03,0
1FNBHT03,0
1FNBHT03,0
1FNBHT03,0
1FNBNW18,0
1FNBNW18,1
1FNBNW18,1
1FNBOM161,0
1FNBOM161,0
1FNBOM161,0
1RDWLUC48,0
1RDWLUC48,0
1RDWLUC48,0
1FDMDP04,1
1FDMDP04,1
1FDMDP04,1
1FDKUT13,0
1FDKUT13,0
1FDKUT13,1
1RDWMEH14,1
1RDWMEH14,1
1RDWMEH14,1
1FWJMG44,0
1FWJMG44,1
1FWJMG44,1
1FDBOM291,0
1FDBOM291,0
1FDBOM291,0
1FNAJM69,1
1FNAJM69,1
1FNAJM69,1
1FNBHA03,1
1FNBHA03,1
1FNBHA03,1
1FNDUN05,0
1FNDUN05,1
1FNDUN05,1
1FNAMT25,0
1FNAMT25,0
1FNAMT25,0
1FNKHD23,0
1FNKHD23,0
1FNKHD23,0
1FDJAI126,0
1FDJAI126,0
1FDJAI126,0
1FDRGH18,0
1FDRGH18,0
1FDRGH18,0
1RDWAHM54,0
1RDWAHM54,0
1RDWAHM54,0
1RDDALD03,1
1RDDALD03,1
1RDDALD03,1
1RDWMEH18,1
1RDWMEH18,1
1RDWMEH18,0
1RDDMUM42,0
1RDDMUM42,0
1RDDMUM42,0
1FDJAI82,0
1FDJAI82,0
1FDJAI82,0
1FDJDP43,0
1FDJDP43,0
1FDJDP43,0
1FDALW10,0
1FDALW10,0
1FDALW10,0
1FNKHD37,0
1FNKHD37,0
1FNKHD37,0
1FNRBL46,0
1FNRBL46,0
1FNRBL46,0
1CRRJBK501,0
1CRRJBK501,0
1CRRJBK501,0
1CRRJCH02,0
1CRRJCH02,0
1CRRJCH02,0
1CRRJJW01,0
1CRRJJW01,0
1CRRJJW01,0
1FNGDH11,0
1FNGDH11,0
1FNGDH11,0
1FNAMT11,0
1FNAMT11,0
1FNAMT11,0
1FNBDN04,0
1FNBDN04,0
1FNBDN04,0
1FNDUN21,0
1FNDUN21,1
1FNDUN21,1
1FNKOL81,0
1FNKOL81,0
1FNKOL81,0
1FNKOL79,1
1FNKOL79,1
1FNKOL79,1
1FNJMG29,0
1FNJMG29,1
1FNJMG29,1
1RDWSDR01,0
1RDWSDR01,0
1RDWSDR01,0
1FNALD129,0
1FNALD129,0
1FNALD129,0
1RDNKAN20,0
1RDNKAN20,0
1RDNKAN20,0
1FNBNG03,0
1FNBNG03,0
1FNBNG03,0
1CRMHTH16,1
1CRMHTH16,0
1CRMHTH16,0
1FNKOT51,0
1FNKOT51,0
1FNKOT51,0
1FNKRI08,0
1FNKRI08,0
1FNKRI08,0
1FNKHD38,0
1FNKHD38,0
1FNKHD38,0
1FNDUN19,0
1FNDUN19,0
1FNDUN19,0
1FNHMP03,0
1FNHMP03,0
1FNHMP03,0
1FDBOM415,1
1FDBOM415,1
1FDBOM415,0
1FNVAR52,0
1FNVAR52,0
1FNVAR52,0
1FNBNK11,1
1FNBNK11,1
1FNBNK11,1
1FNSBK03,0
1FNSBK03,0
1FNSBK03,0
1FNJNP12,0
1FNJNP12,0
1FNJNP12,0
1FNBHR05,0
1FNBHR05,1
1FNBHR05,0
1FNDAU04,0
1FNDAU04,0
1FNDAU04,0
1FNKOL91,1
1FNKOL91,1
1FNKOL91,0
1FNGDH06,1
1FNGDH06,1
1FNGDH06,1
1RDWAJM15,0
1RDWAJM15,0
1RDWAJM15,0
1FNALD84,0
1FNALD84,0
1FNALD84,0
1FNKSH21,0
1FNKSH21,0
1FNKSH21,0
1FNDUN06,0
1FNDUN06,0
1FNDUN06,0
1FNSUL35,0
1FNSUL35,0
1FNSUL35,0
1FDAJM50,1
1FDAJM50,1
1FDAJM50,0
1FDRGH28,0
1FDRGH28,0
1FDRGH28,0
1FNKHD57,0
1FNKHD57,0
1FNKHD57,0
1FNBOM89,0
1FNBOM89,0
1FNBOM89,0
1FNSUL10,0
1FNSUL10,0
1FNSUL10,0
1FNJLR09,1
1FNJLR09,0
1FNJLR09,0
1RDNBIK01,0
1RDNBIK01,1
1RDNBIK01,1
1FNKOT48,0
1FNKOT48,1
1FNKOT48,1
1FNLUC92,0
1FNLUC92,1
1FNLUC92,1
1FNBRM05,0
1FNBRM05,0
1FNBRM05,0
1RDWANA12,0
1RDWANA12,0
1RDWANA12,0
1FDBOM139,0
1FDBOM139,0
1FDBOM139,0
1FNJMG38,0
1FNJMG38,0
1FNJMG38,0
1RDWHMP02,0
1RDWHMP02,0
1RDWHMP02,0
1FNKOL95,0
1FNKOL95,1
1FNKOL95,1
1RDWABN01,0
1RDWABN01,0
1RDWABN01,0
1CRRJBR02,1
1CRRJBR02,0
1CRRJBR02,0
1FNBIK52,0
1FNBIK52,0
1FNBIK52,0
1FNKAN55,0
1FNKAN55,0
1FNKAN55,0
1FNLUC103,0
1FNLUC103,0
1FNLUC103,0
1FDDUN28,0
1FDDUN28,1
1FDDUN28,1
1CRRJBK01,1
1CRRJBK01,1
1CRRJBK01,1
1CRWBPN02,0
1CRWBPN02,0
1CRWBPN02,0
1FDRGH08,1
1FDRGH08,0
1FDRGH08,0
1FNALD35,0
1FNALD35,0
1FNALD35,0
1CRRJJP04,1
1CRRJJP04,1
1CRRJJP04,1
1FNSIK11,1
1FNSIK11,1
1FNSIK11,1
1FDBOM276,0
1FDBOM276,0
1FDBOM276,0
1FDABN40,1
1FDABN40,1
1FDABN40,1
1RDDMUM05,0
1RDDMUM05,1
1RDDMUM05,1
1FDBOM344,0
1FDBOM344,0
1FDBOM344,0
1FNBHT04,1
1FNBHT04,1
1FNBHT04,0
1FNKAN93,0
1FNKAN93,0
1FNKAN93,0
3CRRJBM03,0
3CRRJBM03,0
3CRRJBM03,0
1FNUNO05,0
1FNUNO05,0
1FNUNO05,0
1FDBHL33,1
1FDBHL33,1
1FDBHL33,1
1FDJLO03,0
1FDJLO03,0
1FDJLO03,0
1CRRJJW02,0
1CRRJJW02,0
1CRRJJW02,0
1CRRJJP07,0
1CRRJJP07,1
1CRRJJP07,1
1FDBOM163,1
1FDBOM163,1
1FDBOM163,0
1FDPSS11,0
1FDPSS11,0
1FDPSS11,0
1FNRBL26,0
1FNRBL26,0
1FNRBL26,0
1FNKOH02,0
1FNKOH02,0
1FNKOH02,0
1FNALD60,0
1FNALD60,0
1FNALD60,0
1FNALD54,1
1FNALD54,0
1FNALD54,0
1FNBNW20,0
1FNBNW20,0
1FNBNW20,0
1FNBRM11,0
1FNBRM11,0
1FNBRM11,0
1FNMRD17,1
1FNMRD17,1
1FNMRD17,1
1FNDUN30,0
1FNDUN30,1
1FNDUN30,1
1FNRAJ51,0
1FNRAJ51,0
1FNRAJ51,1
1FNBND04,0
1FNBND04,0
1FNBND04,0
1FNDAU10,0
1FNDAU10,0
1FNDAU10,0
1FNCSM04,0
1FNCSM04,0
1FNCSM04,0
1FDBOM167,0
1FDBOM167,0
1FDBOM167,0
1FDSRO06,0
1FDSRO06,0
1FDSRO06,0
1RDNAHM34,0
1RDNAHM34,0
1RDNAHM34,0
1FNFTP29,0
1FNFTP29,0
1FNFTP29,0
1FNAHM121,0
1FNAHM121,0
1FNAHM121,0
1FNKAN125,0
1FNKAN125,0
1FNKAN125,0
1FDWTP002,0
1FDWTP002,0
1FDWTP002,0
1FNMEH34,0
1FNMEH34,0
1FNMEH34,0
1CRGJBK01,0
1CRGJBK01,0
1CRGJBK01,0
1CRUPLK04,0
1CRUPLK04,0
1CRUPLK04,0
1FNPTP15,0
1FNPTP15,0
1FNPTP15,0
1FNAJM19,0
1FNAJM19,0
1FNAJM19,0
1FDBOM247,0
1FDBOM247,0
1FDBOM247,0
1FNLUC68,0
1FNLUC68,0
1FNLUC68,0
1FNSRO07,0
1FNSRO07,0
1FNSRO07,0
1FNMHB03,0
1FNMHB03,0
1FNMHB03,0
