,Month 1,Month 2,Month 3,Month 4,Month 5
1RDDJAI26,8,5,0,2,12
1FNJNP09,11,10,2,0,0
1FNKAN98,7,10,10,14,13
1FNMAU06,1,5,11,21,10
1RDNVAR21,16,7,2,4,2
1RDWBHJ02,4,0,0,0,0
1FNLUC74,9,1,2,6,3
1RDNJDP02,9,8,2,4,5
1FNKOL160,5,2,4,6,4
1FDBNK18,14,0,0,0,0
1FNKOL204,7,3,3,0,1
1CRUPKN501,8,7,24,13,4
1FNKOL221,5,4,0,0,4
1FNHOG07,2,8,2,4,2
1RDDKAN05,9,3,5,3,8
1FDCHU17,3,0,0,0,0
1CRUPVA04,6,3,8,11,8
1FDBOM387,3,6,11,13,5
1RDDVAR02,18,18,22,21,13
1CRGJAN04,8,4,0,12,8
1FDKHD25,24,7,7,7,9
1FDJDP44,6,5,9,16,13
1RDDPEN01,8,6,7,6,7
1FNDBG01,10,10,12,7,5
2CRMHMU85,13,13,11,16,13
1FDBDN22,3,9,7,5,4
1FNJUN05,10,5,8,6,6
1CRUPRB01,18,11,11,8,0
1CRGJAH35,3,2,6,5,2
1CRRJBL03,31,17,9,7,13
1CRRJGA03,6,3,12,8,4
1CRRJJP12,4,4,12,17,16
1FNJHU20,19,8,3,3,1
1FDTNK17,5,5,12,6,7
1FNCHU08,12,5,0,1,3
1RDDMUM91,5,12,13,15,8
1FDBOM142,1,5,2,0,0
1CRGJAH44,15,6,21,16,21
1RDNAJM02,12,13,24,14,7
1FDSRO06,10,4,6,3,5
1FDKOL180,3,4,3,1,1
1FDBOM324,28,12,14,6,1
1FNPLI05,5,1,7,4,1
1FNUDP48,26,6,5,6,8
1VW734501,17,7,13,17,16
1RDWJAI29,11,22,18,11,11
1FDBOM405,6,10,11,0,0
1FWMLD04,6,1,1,1,3
1CRMHMU71,9,2,3,5,4
1FNKOL197,1,1,2,0,0
1RDNAHM13,3,1,1,8,2
1FNDEO02,25,26,21,24,24
1RDNJMG01,4,2,0,3,2
1FNJAI99,14,5,10,22,11
1FNTNK13,8,6,0,0,0
1FNAMT08,27,3,5,7,21
1FDALD130,4,8,9,13,12
1FDPSS10,3,3,4,0,4
1FDJHU16,8,6,1,3,10
1FNSNP03,1,5,1,3,5
1FNALD31,7,5,1,6,2
1FNDAU07,12,5,1,1,7
1FNKOT13,5,0,0,6,2
1CRRJJP09,22,20,16,16,9
1FNALD73,4,1,1,0,2
1CRMHMU508,19,25,19,29,23
1FNSUL32,10,14,9,2,2
1FNBHR07,16,20,0,11,8
2CRGJPT03,14,20,16,12,10
1FNGGN07,5,6,8,17,17
1RDNKOL33,10,2,1,0,1
2CRWBKL12,12,19,10,17,14
1FDCTR02,5,2,2,4,6
1FDKAN159,11,18,7,7,9
1FNVAR66,8,1,3,5,2
1DBA08511,15,4,5,9,5
1FNKHD54,11,6,8,7,3
1CRUPLK501,11,18,17,13,12
1CRGJAH42,15,8,4,5,20
1FNBNW03,6,4,6,6,9
1FNKOT14,10,2,3,6,2
1RDNSIK01,16,17,8,2,4
1FNABN23,5,4,5,11,4
1FNAMT29,13,5,5,4,6
1FDFZB39,8,10,19,5,8
1FNKOT49,6,2,0,1,1
1FNHMP03,7,6,6,2,4
1FNHAN05,1,12,15,7,5
1FNBHL43,2,2,2,2,4
1FNTIN01,13,0,0,0,0
1FNGGN20,3,0,4,0,2
1RDNCAC01,21,7,5,7,5
1FDCAC04,12,0,0,6,8
1RDWFZB05,13,10,13,8,8
1RDDKOL02,3,7,17,12,5
1FDBOM177,15,15,24,15,10
1FNNOR04,20,4,9,6,0
1FNGAN02,3,4,3,6,3
1FNAHM83,20,21,9,6,2
1FNJAI47,6,6,7,0,11
1FDHOG09,16,19,8,8,0
1FWTNA05,4,3,4,1,9
1FNBHT22,6,6,8,12,18
1FNCHU03,16,19,21,12,3
1FNKOL137,9,1,2,0,0
1FNFZB13,19,12,16,21,3
1FDRGH36,7,4,7,13,17
1FNFZB22,8,12,1,1,5
1FNKHD18,5,3,3,5,2
1FNKOL74,3,10,1,5,4
1FNBHT19,33,10,3,0,4
1FNBNW02,10,4,15,10,8
1FNKUT10,9,0,5,4,6
1FNKOL216,5,2,1,2,1
1FNBOM95,3,9,5,3,4
1FDSKN03,23,16,8,20,21
1RDNAJM11,19,3,5,8,13
1FNDHO01,6,9,0,1,3
1FDLUC112,28,19,5,13,4
1FDJMG33,3,8,7,5,4
1FDAJM22,6,12,15,10,6
1RDDKAN12,14,1,7,6,9
1FDBNK15,9,6,5,4,19
1RDNKOL52,5,3,2,2,5
1FNKOL116,6,6,3,5,10
1FDFZB35,12,17,11,8,33
1FDJHU14,1,1,7,2,5
1FNKAN92,11,6,0,10,11
1CRGJRJ03,7,13,13,5,4
1FNSUL43,25,8,14,8,4
1RDDLUC03,15,17,3,7,8
1FNUDP42,9,6,5,10,6
1FDBIK36,15,6,0,0,0
1FNKOL121,7,5,5,10,2
1FNNGU15,3,17,5,0,2
1FNMEH24,6,5,3,4,2
2CRMHMU84,19,16,7,12,23
1FNKHD36,4,8,9,8,2
1FNAHM88,22,3,1,3,6
1RDDKAN07,13,10,6,11,38
1FDCAC03,6,4,6,8,5
1FNFZB24,12,25,4,6,7
1FNJOR02,7,2,4,1,3
1FNKHD58,8,2,3,1,7
1FNKOT37,14,13,1,3,15
1FDKOT35,8,0,0,0,0
1FNKHD37,6,3,2,2,4
1CRRJJP18,7,11,12,11,3
1FDJMG26,8,25,3,9,2
1FDJAI85,4,11,7,6,4
1RDNKOL05,14,15,11,9,8
1RDDOBR01,2,6,2,2,6
1FDBHA06,4,6,9,6,3
1FNPTP13,4,0,2,2,3
1FDBOT02,4,6,3,6,2
1FNTRP02,4,1,7,2,0
1CRGJJU01,8,0,4,3,2
1CRRJHG02,14,9,7,7,1
1FDPLI10,4,5,1,3,11
1FNDUN12,12,9,9,4,4
1FNKHD13,1,0,4,5,2
1FNKOL107,2,1,7,2,4
1FNKOL199,4,6,8,7,6
1CRGJAH503,8,9,9,16,10
1RDDMUM49,5,12,6,6,3
1CRMHMU514,13,10,15,23,23
1CRMHMU29,11,10,8,7,6
1FDBOM356,8,6,3,6,7
1FNJDP19,1,2,8,7,4
1FNVAR42,4,5,10,7,5
1CRHGJAN03,23,4,4,22,31
1CRMHTH33,28,35,37,32,32
1CRWBHG501,19,13,10,10,8
1RDDMUM64,8,10,3,5,2
1FNKAN123,4,10,1,5,5
1FNBBN12,12,4,2,7,12
1CRUPVA01,6,9,12,13,8
1CRHRJAJ03,7,4,6,9,11
1FNMHG02,7,7,4,7,11
1FDBNK16,10,7,12,10,10
1CRMHMU502,5,6,8,13,7
1RDDKAN10,21,14,19,24,9
1RDNMIR02,17,10,10,6,19
1FDKAN163,7,5,7,6,0
1FDAJM27,8,13,11,22,12
1FNPGS05,11,10,7,8,7
1CRUPLK08,6,3,2,8,10
1FNSBK07,6,4,6,4,4
2CRMHMU43,23,22,5,9,36
1FNAHM115,6,5,7,9,7
1FNVAR80,10,15,5,4,5
1FDKUS04,26,8,10,6,11
1CRMHMU24,24,7,13,13,15
1FNANA43,10,4,5,1,2
1RNDAZM06,21,11,18,7,12
1fdbom155,8,6,2,5,5
1FDBOM384,2,8,7,0,0
1RDWPGS01 ,8,10,5,8,2
1FDDAR03,2,2,0,0,5
1CRGJAH41,11,7,18,15,9
1FNGZP10,4,5,14,12,5
1FNUNO03,10,5,1,10,6
1FNDAR04,4,2,3,0,3
1RDDVAR09,18,15,18,15,19
1FNALD70,4,15,8,5,2
1RDNKOT01,12,11,12,1,2
1CRGJAN16,7,7,3,6,9
1FNMLD02,4,2,4,0,5
1RDNPTN01,2,1,5,4,3
1FNKOL230,13,7,6,6,6
1FNCND03,22,19,18,2,6
1RDNKOL08,2,2,3,0,1
1RDNKOL44,15,16,11,16,11
1FNRBL11,10,5,7,4,7
1RDNKOL39,5,5,4,2,8
1RDWHOG01,5,9,9,7,4
1FNKOL149,12,1,2,0,2
1CRUPSU02,12,10,15,2,5
1FNJDP72,2,5,3,5,6
1FNALD38,9,6,2,8,2
1CRRJJP501,20,6,5,8,20
1FDLUC110,15,13,11,6,5
1FNKOL94,14,17,10,12,16
1RDWKOL70,17,17,16,28,16
1FDBAN03,18,15,11,7,9
1FNJHU21,4,4,10,4,7
1FNAIZ02,2,4,10,6,7
1DBA09851,2,3,0,7,5
1FNKOL234,5,2,3,6,3
1FNRBL14,12,1,8,8,13
1FDAJM29,6,10,4,7,1
1FNKOL89,4,8,5,11,12
1FWMLD03,7,9,2,2,2
1RDNKOL22,11,8,6,3,5
1FNNOR01,14,2,2,6,4
1FNANA21,10,4,1,6,9
1RDDMUM97,9,14,19,12,13
1FNANA50,3,2,2,4,7
1FNBOM61,3,2,0,0,0
1FNSIK18,22,13,10,8,14
1FNALD34,14,3,7,3,9
1FNABN11,13,6,7,4,3
1RDNKOL28,6,10,0,0,0
1FDTNK21,8,0,0,0,0
1FNBHI07,5,2,2,1,2
1FNKOL119,7,1,2,3,2
1FDJAI67,8,0,5,21,8
1RDWKRI01,8,1,14,15,19
1FNKOL224,4,2,1,0,7
1RDWBKU01,4,5,2,8,5
1FNKOL111,16,8,13,3,5
1FWBSK04,14,15,20,8,8
1FNKOL114,9,3,8,8,8
1FNBNW23,14,3,5,4,4
1FNRBL08,3,3,7,3,4
1FDAHM185,9,1,3,4,13
1FNBHT15,5,17,2,0,2
1CRHUPAL03,8,2,0,2,3
1RDNKOL24,5,6,11,7,7
1FNANA59,6,3,0,5,1
1FNANA63,9,1,1,3,1
1FNAJM65,3,0,2,3,10
1CRMHTH07,6,1,5,8,3
1CRMHMU72,8,3,9,2,3
1CRGJRJ502,24,18,24,5,28
1FNDDN01,3,0,2,0,0
1FDRGH19,8,7,11,4,0
1FNKOL152,7,9,13,3,3
1FNDUN07,6,16,4,0,7
1FNBDN13,6,6,5,5,14
1CRUPPG01,14,15,14,15,27
1RDNANA04,9,5,5,1,2
1FDBOM236,4,1,5,8,4
1FNKAN104,17,7,7,16,1
1FNKOL237,4,1,5,1,3
1FNKOL167,5,5,12,8,3
1FNAJM16,1,1,1,1,1
1FDBNK22,16,30,9,1,8
1FDBOM330,24,19,23,20,12
1CRUPST01,20,8,7,11,10
1FNGDH13,7,4,4,1,10
1FNKOL90,5,11,2,5,4
1FNKOL113,9,8,9,7,3
1FDBOM154,3,3,6,9,5
2CRMHMU80,1,1,4,2,16
1FDJAI72,2,0,0,0,0
1FDBIK35,1,14,11,5,12
1FNALD54,13,2,2,5,4
1FNJAI107,8,1,3,0,0
1CRGJAH06,21,21,11,11,12
1FNGDH07,9,0,1,3,2
1FNUDP55,25,11,0,8,11
1FNWKH01,10,7,10,3,8
1CRRJUD08,18,7,4,8,10
1CRUPKN07,9,6,11,9,13
1FNBDN15,7,1,0,0,0
1FNBHL05,20,5,2,5,7
1FNBDN23,10,5,3,8,2
1CRRJUD07,27,36,41,13,8
1CRGJJM01,25,23,14,22,15
1RDWMDP01,3,2,8,4,4
1CRRJSK03,31,20,42,26,64
1FNBRM02,7,0,0,0,0
1FNDEO03,12,17,25,4,3
1FDDUN23,8,0,6,17,10
1CRGJAH49,11,22,13,10,9
3CRRJJO08,11,13,10,11,25
1FDMRD19,12,4,1,6,9
1FNARR01,14,4,13,4,2
1FDBOM388,9,20,11,5,14
1FNJNP11,3,8,8,3,11
1FNBBN07,9,6,16,11,4
1FDBOM288,13,0,0,0,0
1RDNNAD03,10,13,5,7,0
1RDWUDP16,13,1,2,2,11
1FNSUL05,12,12,4,12,16
1FDJMG31,5,2,16,9,3
1FDBOM211,11,9,10,11,8
1FDBOM182,2,5,17,6,0
1FNSMD02,3,3,5,1,1
1FNALD62,3,3,0,12,21
1FNKAN102,18,5,5,5,0
1FNJAI96,29,8,2,4,4
1FDJAI70,2,6,10,2,1
1FNCHU14,11,2,4,1,2
1FNSUL12,9,4,3,2,2
1FNUDP41,2,0,3,5,0
1FNBAL04,3,15,8,5,8
1FNKSH05,3,2,1,1,3
1FNSUL08,14,2,10,13,7
1FDAZM09,16,15,8,11,9
1FDJPG002,8,7,7,4,0
1CRUPVA10,10,18,16,6,10
1CRRJSR01,5,1,7,6,3
1CRMHMU14,5,4,4,7,9
1CRGJJM03,6,5,16,8,9
1FDKOL189,4,6,6,7,6
1CRGJAH30,18,9,12,8,1
1FNMHG03,8,3,10,6,6
1FDKAN165,21,18,0,6,19
1FDBST05,22,15,22,10,14
1FNKMR10,14,19,18,10,9
1FNANA36,4,8,4,9,0
1FDBRF02,8,5,8,4,4
1FNVAR69,12,2,3,7,0
1FNJAI118,11,1,1,3,1
1FNFTP08,8,12,10,11,19
1RDWLUC42,8,8,3,2,1
1FNVAR55,7,4,3,2,0
1FDBOM327,10,20,17,17,10
1FNALD123,13,13,21,29,28
1RDDVAR06,18,12,21,9,15
1FNFZB26,2,0,3,1,4
1FDBOM336,10,11,7,0,0
1FNJPG04,3,0,1,2,2
1FNRBL37,15,0,7,2,9
1FNSVR03,6,0,4,3,6
1FNCND06,5,1,3,0,1
1CRGJAH19,15,7,20,11,22
1FNVAR33,12,1,1,0,1
1FDALW16,4,2,7,14,9
1FNKAN40,12,2,19,9,15
1FDJAI130,3,0,0,0,0
1RDNVIS01,2,4,3,0,4
1FDFZB36,20,18,21,21,51
1FNAHM130,3,2,4,3,2
1FNFZB14,11,2,5,1,7
1RDWLUC51,8,13,15,9,6
1RDDNGU01,3,2,4,4,13
1FDKOL168,12,23,14,14,6
1CRHUPAL01,7,34,12,15,14
1FDLUC109,9,15,12,9,13
1FNKOL143,2,0,2,0,0
1FNLUC104,7,5,6,8,2
1FNANA37,1,2,0,2,3
1FNJNP16,30,23,8,3,65
1CRMHMU507,9,14,17,25,20
1CRGJAN12,3,2,10,4,11
1FNANA54,14,14,17,16,3
1RDDMUM69,8,3,5,5,1
1FNANA48,6,7,3,5,7
1FDBOM317,13,0,0,0,0
1FDAJM46,8,3,9,7,9
1CRMHMU513,7,11,21,22,15
1FDGKP11,20,13,15,7,7
1FNCHU16,2,3,5,2,15
1FNJHU05,14,9,16,7,1
1RDDMUM74,6,8,8,5,0
1FNNDA03,2,4,4,3,0
1FNVAR67,1,4,6,6,9
1FNABN18,5,7,2,1,2
1FNKOT16,7,3,1,4,6
1CRGJAH501,12,5,23,20,3
1CRHUPAL07,12,15,17,7,16
1CRRJSK04,26,18,20,18,24
1FNAJM80,4,1,1,1,1
1FDMEH29,5,4,4,6,9
1FNVAR73,7,9,7,19,9
1RDWAHM61,7,1,1,0,0
1RDDLUC22,5,17,16,14,18
1FNANA23,7,4,3,2,5
1CRRJSK01,8,3,2,17,1
1CRMHMU77,6,6,9,4,8
1FDRGH07,6,12,3,11,4
1RDDVAR10,19,12,29,17,18
1FNFTP13,6,7,12,15,18
1RDDGKP01,17,30,18,17,3
1RDDMUM15,11,15,16,7,3
1RDDLUC08,22,11,0,0,0
1FNALD51,5,12,6,2,5
1CRRJUD03,2,10,12,13,25
1RDNKOL27,5,7,6,3,3
1FNAJM60,6,1,6,8,1
1FNRSM02,6,0,5,4,3
1FNTNK07,8,0,3,2,5
1RDNAHM06,2,1,7,0,0
1CRGJAH43,7,4,9,12,9
1RDNKOL32,7,2,2,4,12
1FNJDP32,4,0,1,6,3
1FDBOM122,9,16,7,5,7
1CRRJKO501,24,30,25,29,18
1FDAJM56,6,2,0,0,0
1FNKAN103,8,8,2,18,9
1FDBOM320,12,8,7,4,19
1FNAHM164,15,13,0,0,0
1FNKOL161,2,0,1,1,0
1CRRJUD04,13,19,7,4,18
1CRRJKO01,13,17,4,11,14
1RDWHMP02,8,3,1,5,2
1FNANA41,4,1,0,4,0
1FDJPG001,6,2,7,2,0
1FDBDN07,5,12,2,3,8
1FDUDP25,15,4,4,9,7
1FDSDR03,6,8,1,2,11
1FNABN25,5,2,8,14,9
1FNLUC57,9,11,1,4,4
1CRUPVA07,12,9,4,6,13
1CRMHMU504,20,18,32,27,30
1DBA04021,3,0,3,5,2
1CRUPMZ01,12,4,8,10,12
1CRUPLK07,4,3,13,6,8
3CRRJNG03,25,12,11,14,28
1FNRBL43,1,5,10,2,2
1RDWBOM16,2,7,7,4,10
1FNAHM160,3,3,4,0,0
1FNPLI12,7,9,0,0,9
1FNVAR88,6,1,4,2,4
1FNKAN100,12,7,3,6,5
1FNTNK26,10,0,0,0,0
1FDBOM281,16,8,10,7,1
1FDBOM176,22,14,10,6,25
1DBA04221,5,6,4,3,8
1FNFZB43,8,6,3,15,5
1RDWMEH13,3,7,3,2,6
1RDNKAN18,19,1,1,6,7
1FDKOT27,19,7,4,7,3
1RDNCAM01,4,5,15,2,7
1FDBOM153,3,11,5,6,15
1FNFZB17,1,2,1,1,5
1FNALW06,8,4,6,2,4
1FNVAR37,2,4,3,0,2
1FNUDP30,7,0,3,0,3
1RDDMUM16,7,9,3,1,11
3CRUPAB03,10,4,11,12,14
1FNMIR13,4,3,1,4,0
1FNKAN120,2,7,3,3,0
1FNBND24,13,3,2,3,2
1FNANA17,10,11,12,6,14
1FNKOT07,20,2,1,3,1
1CRGJAH14,15,7,9,22,3
1CRRJUD02,2,1,6,6,7
1FNKOL227,4,1,0,3,0
1FNJAI108,8,3,5,4,7
1CRGJRJ501,19,14,15,17,55
1FNSBK17,13,9,0,3,4
1RDWVAR22,9,9,6,3,7
1FNGKP14,7,5,2,1,4
1RDDMUM47,5,0,0,0,0
1RDDMUM38,12,11,18,15,18
1CRRJJP37,4,2,9,5,6
1CRGJAH29,17,19,12,9,3
1CRGJRJ503,8,13,15,32,12
1CRMHMU10,17,10,11,6,3
1FDBOM148,15,0,0,0,0
1CRGJRJ02,22,23,25,16,17
1RDDKAN04,15,8,9,14,7
1CRMHTH27,23,22,29,18,10
1FNBOM87,5,4,2,4,3
1FDBOM380,3,10,7,4,0
1FDJAI77,7,3,5,2,5
1FNBND09,5,1,3,1,4
1FDBOM242,4,7,5,12,6
1FDBHL34,18,5,5,10,21
1CRHUPLU08,9,4,2,3,7
1FNAMR12,5,2,2,3,3
1FWKOL227,9,2,2,1,2
1FNDUN16,11,12,20,5,10
1RDDMUM72,13,18,16,4,0
1FNDUN18,7,5,1,1,0
1FNVAR05,2,7,1,3,6
1FNVAR89,12,18,18,15,9
1FNDAU06,11,1,8,1,1
1FNDHO02,1,8,0,3,4
1FNAJM59,18,4,0,8,3
1FNKOT47,7,7,3,6,3
1CRGJAH26,21,16,27,25,16
1FNJAI112,13,12,10,2,5
1RDWTNK03,5,4,4,0,3
1FDGND04,26,7,0,0,0
1RDWMIR05,15,11,17,16,18
1FNJAI61,8,15,3,6,3
1FDAHM91,4,2,6,4,5
1CRUPSU01,18,20,24,25,16
1FNHAO01,10,12,11,12,11
1FNKAN140,8,22,0,7,4
1FNANA55,4,5,2,5,6
1CRGJAH15,11,6,5,4,8
1FNPGS07,4,9,9,12,15
1FNDAR07,2,1,3,3,7
1FDMEH49,8,7,5,4,7
1RDNKOL17,10,6,18,7,1
1FNKOL86,8,0,3,10,5
1FDKAN164,11,2,7,7,20
1CRMHMU82,28,23,31,44,19
1FNALD65,19,9,10,5,20
1FDKOL126,3,3,5,6,2
1CRMHMU45,10,18,30,40,16
1FDKOL184,17,25,10,10,18
1FNHOG14,5,0,4,3,3
1RDDRBL01,12,12,14,10,9
1FNSRO01,13,5,10,2,1
1RDDBIK04,13,0,0,0,0
1RDDKOL13,10,12,8,5,5
1RDNKOL07,2,4,5,4,9
1CRUPLK06,17,17,13,9,2
1RDDRAJ03,6,19,8,9,9
1CRGJAH01,6,12,12,18,22
1CRRJTK03,9,12,8,8,16
1RDWSTP03,8,8,12,12,9
1RDDAHM47,2,4,2,2,3
1RDNRBL04,23,14,10,7,10
1FNJAI102,8,3,3,3,2
1FNMEH02,5,3,1,4,0
1CRUPVA11,10,6,10,9,3
1RDWKOL73,1,8,3,1,6
1FNMEH56,10,5,2,0,2
1FDKOL181,17,17,21,24,19
1FDMEH28,18,7,8,8,10
1FNKOL205,4,0,0,3,1
1RDNLUC27,1,2,1,3,11
1FNJDP25,5,2,2,2,2
1FNALD55,16,13,13,19,19
1FDKOL174,9,11,1,3,10
3CRGJKA01,6,8,7,7,6
1FNLUC95,10,7,0,14,12
1FNJAI43,6,1,0,7,3
1FNJDP26,5,3,0,5,3
1FNKOL124,3,6,4,4,0
1FNKAN145,12,6,2,8,1
1RDWBOM43,3,8,2,3,3
1RDNALW02,11,2,6,2,6
1FNJUN18,6,5,5,1,5
1FNBIK07,6,7,4,3,0
1FNFZB27,10,3,1,5,2
1CRGJBK501,14,18,13,15,10
1FNJLO02,6,0,0,13,5
1FNKOL222,6,2,4,2,2
1FNSDR11,5,3,0,3,4
1FNSUL34,17,13,6,18,22
1FNANA52,2,2,0,1,9
1FNKHD26,10,4,1,6,2
1CRGJRJ05,13,8,17,7,5
1RDDRBL02,6,12,10,11,4
1FDJLO04,22,0,0,0,0
1FDTNK24,9,8,6,6,5
1FNDIM02,4,6,1,4,0
1FNKOL147,9,3,6,9,9
1FDKOL123,4,9,4,3,1
1FNJAI50,3,2,1,0,0
1FNBOM68,5,4,4,2,4
1FNVAR70,7,7,3,3,0
1FNBOM67,2,3,4,2,2
1FDAJM45,11,8,0,0,0
1FNFTP11,11,2,3,0,2
1FDRGD41,7,2,0,5,7
1FNKAN65,9,5,5,4,13
1CRMHTH01,14,11,10,16,24
1RDDMUM43,4,10,7,7,8
1CRRJHG04,3,1,2,9,7
1CRGJKA02,12,10,6,1,10
1CRHRJSR01,8,2,5,6,10
1FNDUN29,4,4,5,6,8
1RDDALD05,10,5,5,10,14
1RDNKOL54,5,2,2,1,2
1FNSOM02,2,1,2,3,1
1FNAJM35,9,10,4,4,4
1FNJAI92,6,5,5,3,2
1RDDRAJ09,5,8,5,2,0
1FNSUL18,4,3,6,2,1
1FNJAI45,5,1,0,0,2
1CRRJBU02,11,8,9,3,10
1CRRJRS02,13,15,17,22,8
1RDNKAN21,8,17,12,0,2
1FNKAN34,6,6,19,17,7
1FNALD79,13,19,10,1,4
1CRMHTH44,8,1,11,15,21
1FNJNP14,14,3,1,2,9
1FNVAR50,13,1,14,8,6
1FNBOM180,8,2,2,2,3
1FNJSL05,13,10,9,8,17
1RDNAJM06,13,5,3,4,3
1RDWMEH17,11,6,1,6,7
1FNFZB32,4,4,5,10,8
1RDNAHM08,6,0,1,4,1
1RDNKOL31,2,7,0,2,4
1FDBOM313,3,9,1,4,1
1FNPRL03,2,4,11,8,3
1RDWBOM50,5,7,1,0,0
1CRRJUD501,11,8,18,11,10
1FNVAR72,9,4,3,4,3
1FNBRM03,6,5,6,2,5
1RDNJAI05,7,1,1,3,1
1FNAHM73,10,1,4,3,13
1FDBOM290,11,3,4,0,0
1FNJDP63,9,6,3,9,8
1FDUDP51,12,9,1,7,5
1FNBOM136,8,3,6,9,12
1FNJDP27,2,1,4,6,4
1FDJHU18,3,3,6,16,8
1FDBOM365,10,0,0,0,0
1FNGKP04,4,6,2,9,2
1FDBOM210,4,3,0,1,2
1FNJHU12,6,1,1,0,0
1FNALD52,23,6,7,5,6
1FDRAJ66,5,4,4,9,6
1FNABN09,10,27,1,7,5
1CRRJAL02,11,7,13,16,21
1FNJDP62,3,0,1,4,9
1RDWMHB01,7,14,13,11,4
1CRRJDA01,11,6,17,5,16
1FNAHM186,4,8,4,12,5
1FDKOL172,11,18,18,10,10
1RDWLUC50,23,27,35,12,13
1CRMHMU511,12,9,10,12,14
1CRMHMU512,5,15,24,27,26
1RDNJDP07,2,3,3,8,8
1FDBOT03,9,10,8,8,4
1FNALD128,4,2,1,0,8
1FDPLI11,9,7,16,15,12
1RDNAJM09,9,5,4,6,6
1FNBNW29,1,4,2,3,1
1RDWUDP15,4,3,3,0,1
1FDKOT10,2,4,2,3,14
1FNGDH08,7,4,1,4,5
1FNABN19,8,3,1,3,0
1FDBST04,11,12,17,17,11
1FDRGH08,12,8,6,0,0
1CRRJGA01,3,1,3,0,4
1CRRJJP21,15,11,6,11,16
1FNRBL07,5,11,5,8,4
1FDNGU07,14,10,8,8,10
1RDNUPD03,14,7,9,5,13
1FDALW17,3,0,0,0,0
1RDWJNP02,10,10,24,7,11
1FWBSK03,4,10,2,4,11
1FNRAJ01,14,3,4,4,7
1CRMHTH02,9,5,4,6,2
1RDDMUM33,12,12,4,7,2
1RDNANA02,5,11,6,4,3
1CRRJJP05,6,2,9,12,13
1FNBRM10,5,6,6,13,7
1RDNKOL30,11,13,4,5,2
1FDJDP41,10,4,6,8,6
1FNANA18,6,8,4,9,1
1FNHAO04,2,6,5,7,6
1FNANA24,7,5,2,0,11
1FNHOG11,2,2,0,1,3
1FNALD88,7,1,6,6,2
1FNKOL242,3,6,4,10,5
1FNKAN132,16,2,1,10,12
1FDBHT20,1,0,0,0,0
1FDJDP48,8,0,0,0,0
1FDBND19,3,5,2,6,1
1FNFZB18,16,17,16,10,17
1FNLUC120,5,5,4,1,4
1FNABN10,5,7,2,2,4
1FDPGS08,4,12,5,4,5
1FNKOL212,5,3,5,3,1
1FNKHD50,3,4,2,0,0
1FNANA39,4,9,8,0,0
1FNMIR18,7,3,9,4,5
1FNAJM41,4,3,3,2,2
1FNJDP35,10,7,8,5,8
1FNBRR04,4,0,0,2,2
1RDNJMG05,4,0,6,2,4
1RDNJDP06,8,8,3,3,7
1RDWLUC41,7,10,8,3,10
1CRRJBM01,7,11,14,8,9
1FNANA60,6,0,0,11,1
1FNBNK09,18,6,3,11,2
1FNSUL04,19,17,12,22,13
1FNMEH42,3,7,10,0,2
1FNBDN09,14,3,10,8,6
1RDWKUS01,18,15,8,8,5
1FNLUC93,17,12,11,15,13
1FNFTP44,11,4,1,4,0
1FNABN24,18,19,0,2,0
1FNMRD14,1,2,9,1,3
1CRGJJM02,8,8,14,11,4
1RDDMUM46,5,8,12,0,0
1FNCND02,6,7,1,2,5
1FNKHD55,3,1,3,2,2
1FNJMG20,3,9,9,4,5
1RDDRBL03,13,11,12,15,18
1FNANA35,10,10,3,6,3
1FNGDH09,3,4,1,1,0
1FNAHM72,2,4,6,10,1
1FDHOG12,2,4,4,3,2
1FDRSM09,9,5,20,9,20
1CRHGJAN04,4,8,2,6,2
1RDWJAI38,8,2,6,10,5
1FNRBL39,12,7,8,4,2
1CRMHMU33,16,7,0,12,11
1FNKAN96,1,1,2,4,5
1FNVAR40,6,10,2,3,5
1CRMHTH13,5,0,0,0,0
1FDBHL41,5,4,1,0,0
1RDWVAR31,14,6,13,14,6
1FNLUC119,7,6,9,3,0
1FNVAR61,5,8,8,4,3
1FNALD49,20,10,12,16,13
1FDBIK37,10,0,0,0,0
1CRRJBK02,4,6,9,14,2
1RDNKOL43,1,1,0,0,3
1FNVAR76,8,17,5,8,4
1FNKAN131,6,6,9,6,9
1RDNVAR20,4,3,3,3,1
1FNDAR02,2,0,0,1,4
1FNNEA01,2,1,2,0,1
1RDDALD02,11,7,17,16,18
1FNLUC62,11,5,8,10,8
1FNKMR12,5,1,1,0,2
1CRGJAH40,11,14,9,14,10
1FNKAN116,4,8,14,8,5
1FDBOM351,5,0,0,0,0
1FDRGH12,5,4,4,10,14
1FNGKP17,12,4,8,2,2
1CRHKOCA05,17,0,12,2,52
1CRGJAH28,12,3,8,7,6
1FNPRL01,16,1,0,0,8
1FNKOL233,11,4,5,6,5
1FDJLN03,13,15,24,13,18
1FNJDP24,7,0,3,8,0
1FNJMG37,6,4,1,9,1
1RDWVAR29,8,11,3,8,2
1RDDMUM54,2,0,0,0,0
1FNJHU07,18,15,5,7,12
1RDDMUM04,12,8,3,7,4
1FNBIK10,2,7,8,2,0
1FNMIR06,5,5,4,1,4
1FDBHL40,6,2,4,0,7
1RDDGKP02,16,19,14,18,12
1CRHRJUD02,1,17,6,3,5
1CRUPKN05,17,20,19,15,8
1FDBOM403,6,2,2,0,0
1FNMEH55,2,4,0,0,3
1FNKAN178,8,14,3,0,3
1RDWKOL64 ,4,0,10,5,3
1FNAJM40,7,0,4,4,1
1CRRJJH10,9,3,2,3,10
1FNJMG21,3,1,3,2,0
1FNKOL145,18,5,6,12,8
1FNPGS03,7,2,1,4,3
1RDWBOM21,6,2,0,0,0
1FNAMT03,7,9,3,13,13
1FNMEH27,2,0,0,0,2
1FNALD83,8,2,7,6,4
1FNPLI14,6,5,5,7,2
1CRMHTH19,10,8,19,5,10
1FNBIK49,5,1,7,5,6
1RDWKOL67,4,6,6,0,0
1FDJAI122,7,12,15,11,19
1FNAHM153,8,1,4,1,1
1FDAJM48,6,1,4,6,13
1FWKOL234,10,7,9,4,1
1FDBHT11,6,5,7,11,5
1FNKOL154,1,0,3,1,3
1RDNKOL35,2,8,0,0,1
1FNKOL220,6,2,1,9,3
1RDDLUC10,19,1,0,6,8
1FNAHM75,2,1,1,0,0
1RDNKOL41,12,7,9,1,2
1crhkoho04,1,0,4,3,1
1CRWBKL04,4,15,0,5,7
1CRWBKL502,15,16,0,0,10
1FNKOL150,10,1,2,0,1
1CRWBKL503,7,8,9,14,14
1RDWSDR01,9,5,5,5,3
1FNJAI49,6,1,4,5,0
1FDJAI131,7,0,0,0,0
1FNJAI89,2,0,2,0,1
1FNSIK20,8,12,8,11,16
1CRMHTH40,2,2,5,4,4
1FDBOM164,5,2,5,7,1
1FDRGH32,9,15,13,13,16
1RDNMUM71,3,7,4,1,0
1RDWBOM51,5,10,3,6,6
1FNLUC102,10,9,3,5,6
1FDSRO04,3,3,1,2,6
1FNMAU02,10,3,4,2,0
1FNJAI83,12,0,1,7,5
1FNBOM82,3,2,3,0,0
1FDJAI78,7,7,10,2,5
1FDBOM418,3,10,10,2,0
1FNNGN02,5,3,1,3,2
1FDBOM289,3,0,0,5,7
1FNKAG01,2,2,0,1,1
1FNBOM116,4,0,3,2,5
1CRMHMU09,4,4,8,6,6
1CRHMHMU01,4,3,6,1,9
1FNSDR06,5,2,7,4,0
1FDAHM173,10,22,4,2,9
1FNANA56,7,6,5,9,5
1RDNANA10,9,8,5,0,2
1FNKOT21,14,3,5,0,9
1FNKHD62,9,9,12,7,2
1FNJAI93,6,1,1,2,1
1FDANA65,8,2,6,10,6
1FDBOM285,6,17,16,9,13
1RDWAHM50,3,2,1,2,0
1FNKHD07,4,5,9,3,1
1FNJHU03,5,6,10,7,12
1RDNKOL58,4,7,1,1,1
1FDBAH01,24,12,15,9,23
1FDMEH30,8,12,3,8,6
1FDBOM255,5,4,2,3,9
1FNPTN06,2,1,2,1,0
1FNJHU09,3,5,9,2,2
1FDLUC113,8,10,5,3,15
1FNFTP07,6,1,3,6,2
1FNRBL10,7,4,8,6,0
1FNSNP01,5,0,1,2,3
1FNALD80,2,3,2,5,8
1RDWBOM14,8,7,8,14,4
1FNALW14,7,3,4,8,6
1FDJNP15,22,21,10,4,0
1RDDMUM63,12,11,14,4,2
1FDBOM397,3,10,13,5,15
1FDKAN156,7,10,16,12,10
1RDNKOL03,3,4,5,0,2
1FNSUL20,4,13,4,5,3
1FNPSS01,15,3,5,2,2
1CRMHTH09,13,2,5,2,15
1RDWJAI30,10,11,11,5,3
1RDDAYD01,5,7,9,11,19
1FDBOM175,18,14,11,11,7
1CRGJAH17,5,8,6,10,9
1CRGJAH09,12,13,18,32,23
1CRGJAH10,14,4,5,7,8
1FNPUM04,6,6,7,0,0
1CRRJPA01,10,17,2,34,10
1FNKOL231,4,0,1,3,5
1RDWUDP12,8,16,8,18,16
1FDKOL188,2,7,7,9,14
1FNHOG06,13,9,2,4,8
1RDNKOL25,8,10,4,5,9
1FNKOL195,1,1,2,6,2
1CRWBKL02,2,14,9,10,11
1FNBOM102,1,7,0,1,1
1RDDMUM11,6,2,10,7,3
1FDBOM209,9,7,3,6,1
1FNKOL207,4,0,0,0,0
1FNKHD61,5,6,2,3,5
1CRMHMU13,5,4,6,8,10
1CRGJAH11,16,7,10,8,19
1FNANA38,5,7,8,10,5
1FDHOW03,4,3,6,1,3
1FNCHU11,2,0,0,0,0
1CRMHTH37,5,6,10,7,8
1CRHKOCN06,6,2,2,1,3
1FDBOM225,2,1,2,2,0
1FDKAN162,10,6,11,9,7
1CRWBKL07,15,19,32,19,15
1FDWTP003,5,5,3,1,0
1FNFZB21,7,11,8,10,4
1RDDBST01,13,11,8,11,12
1RDDMUM32,4,6,11,8,3
1FDJAI123,9,0,0,0,0
1FNSUL28,5,5,4,1,2
1RDWABN02,8,7,7,3,2
1FNKHD05,7,13,14,4,2
1CRGJJU02,6,4,0,13,1
1RDNMEH07,10,5,4,2,5
1FDBOM283,8,9,6,13,8
1CRMHTH42,7,7,9,12,5
1RDDAHM43,9,3,8,2,0
1FNKHD46,7,0,6,0,1
1FNKOL139,1,2,1,2,0
1FDFZB37,18,16,10,15,11
1RDNANA06,2,4,4,11,5
1CRASKR01,7,0,2,6,5
1FNKAN172,1,3,4,7,3
1FNSUL06,4,7,7,3,4
1FWMUM02,5,4,2,0,0
1FNWTP04,2,1,5,3,0
1CRMHMU32,8,9,2,2,3
1CRMLWK01,4,1,1,6,10
1FNKHD56,3,4,2,3,2
1FNKOL110,1,4,4,0,5
1FNKOL153,8,7,10,7,6
1CRRJUD06,5,16,2,5,4
1CRUPVA13,5,3,6,9,8
1CRGJSK02,8,6,0,2,15
1CRHRJKO03,5,6,5,2,7
1CRGJBT01,10,2,5,12,5
1FDKOL179,4,0,0,1,2
1RDDMUM96,3,3,3,1,1
1FNSUL26,7,5,4,9,16
1FNLUC87,9,2,3,4,4
1FNFTP49,4,5,10,6,2
1CRHUPVA14,5,4,7,5,12
1FDTNK20,9,9,15,11,14
1FDABN38,25,21,7,10,9
1FNKUT06,10,9,2,2,15
1FDFZB40,17,13,14,24,66
1FNMIR07,3,2,4,7,0
1RDNKOL51,3,1,0,8,4
1FNPSS06,6,4,0,1,2
1FNBOM71,3,0,2,7,11
1RDDMUM85,6,5,8,3,3
1FNPSS04,7,2,6,4,2
1FNPLI04,5,2,2,3,3
1RDDKAN01,6,17,12,6,11
1FNLUC85,16,15,14,10,9
1RDDVAR04,11,11,8,4,1
1FDCHT17,4,10,7,11,7
1RDDGZP02,13,18,3,0,1
1FNKOL140,1,0,3,3,9
1FNKOL112,2,7,4,9,5
1RDDMUM19,1,2,8,4,6
1FNWTP05,3,1,3,2,4
1FNJAI138,13,1,5,6,5
1FDKAN148,15,14,6,4,12
1RDNMIR03,14,8,10,18,9
1CRWBPN03,13,3,5,13,4
1FNPUM03,3,1,2,2,2
1FNMRD15,7,1,2,1,1
1CRMHMU17,3,6,9,16,4
1RDNAHM27,3,3,1,0,0
1FNBOM90,1,0,1,0,2
1CRMHMU01,22,21,13,9,3
1RDNITN01,3,4,0,0,0
1FDDBG03,13,0,0,0,11
1FDBOM174,6,1,0,1,3
1RDNPLI01,3,2,3,1,1
1RDWFZB10,6,6,8,0,3
1FNGDH04,7,2,0,0,3
1FDBIK23,3,0,0,0,0
1FNSIK06,4,2,2,6,3
1FDHOG08,6,14,14,18,4
1RDNKOL47,4,0,6,4,3
1FNBOM70,11,3,1,0,0
1FDKOT11,4,2,2,1,7
1FNALW21,7,0,7,3,6
1FDJMG36,3,6,4,6,3
1FDBOM343,17,12,19,15,12
1CRMHMU66,12,11,10,14,11
1FDNGU12,7,2,1,8,6
1FNKSH10,1,2,1,4,8
3CRUPLK16,2,8,9,20,35
1FNAJM20,2,2,0,0,0
1FNBIK18,14,0,2,2,1
1FNKOL176,15,12,15,6,5
1FNSDT01,4,12,0,4,4
1FDBOM121,2,7,2,2,4
1RDDLUC16,7,12,9,14,12
1FNSSR01,12,7,6,4,6
1RDNUDP06,8,12,6,4,25
1FDGGN11,3,2,3,4,6
1FDAZM08,12,25,6,3,3
1RDWPTP03,9,18,8,3,2
1FDKUT20,4,0,0,0,0
1CRMHMU46,5,10,12,11,0
1RDWLUC49,4,6,9,9,7
1FNKAN44,15,4,6,9,11
1CRHMHMU02,4,8,3,5,5
1RDDLUC17,4,6,22,12,3
1FNRBL31,9,6,3,5,6
1FNAJM17,11,7,4,3,5
1FNFTP05,18,20,8,7,9
1RDWFZB07,19,32,9,10,23
1FNANA33,6,7,2,4,8
1CRMHTH43,6,25,13,11,6
1FNMRD07,3,0,1,0,0
1FNKOL102,5,3,4,3,0
1FDBOM166,9,14,10,2,4
1FNJLN01,1,1,0,0,3
1FNDUN11,2,2,3,3,4
1CRRJJO06,2,6,4,13,13
1CRRJBL01,7,8,12,12,5
1FNBIK53,5,0,2,0,4
1CRMHMU03,8,26,7,7,7
1FNALD125,12,13,21,16,3
1FDBOM311,6,18,0,0,7
1CRWBKL17,2,1,3,7,2
1FNKOL244,5,2,4,0,1
1FDBOM235,2,0,0,0,0
1RDWMDP02 ,3,5,5,7,3
1RDWMUM94,15,10,2,2,0
1FDBOM223,10,5,0,4,4
1FDBOM269,3,9,6,0,0
1FDBOM229,5,0,0,0,0
1FDBOM340,18,13,15,11,14
1FNKOL228,3,2,0,0,0
1FDSHL05,2,0,2,2,7
1CRGJKH07,1,1,3,9,6
1FNUDP18,1,3,6,0,7
1FNGKP07,22,4,0,0,1
1FNNGN03,1,1,1,0,0
1CRRJAJ10,12,12,8,17,7
1CRMHMU23,5,6,6,8,18
1CRMHMU74,9,18,8,10,3
1FNKAN46,4,6,1,7,7
1FNSMD19,7,7,0,3,0
1RDDMUM65,2,6,4,4,5
1RDDVAR08,17,15,12,11,15
1CRRJCU01,4,8,7,10,16
1FNGOL01,10,2,2,1,0
2CRMHMU40,4,4,8,19,6
1FNKSH04,8,4,16,0,25
1FNJDP54,10,13,10,10,1
1FNJAI100,10,12,5,2,1
1FNKOL247,3,5,0,0,0
1FNKOL194,3,2,1,1,1
1CRMHMU30,11,11,10,17,14
1FNVAR79,9,5,6,4,8
1FNBIK19,9,6,6,6,7
1FNSDR07,3,5,2,3,2
1RDWBOM42,5,7,8,10,11
1CRMHMU509,9,12,7,14,17
1CRMHMU21,8,4,4,11,6
1FDBOM328,15,11,6,14,5
1CRUPLK502,13,16,14,9,12
1FNKOL193,5,2,0,6,4
1FDPSS09,2,4,0,1,2
1RDWBOM23,3,18,0,1,7
1FNKMR13,4,0,1,1,5
1CRHKOBR01,5,7,8,2,1
1FNNDA02,6,4,7,7,2
1CRGJAH46,11,28,15,11,3
1FNFTP04,7,9,10,8,6
1FNPTP35,8,6,2,0,1
1CRGJRJ01,7,8,12,8,5
1RDNKOL04,3,1,1,2,2
1RDDLUC18,7,15,3,8,3
1RDNCHU01,9,15,31,4,22
1FDBNW28,16,7,6,6,9
1FNKAN108,8,7,10,3,23
1FNKOL138,4,7,5,4,4
1CRUPLK01,5,18,11,9,12
1FNJNP07,10,8,8,14,7
1FWTNA03,5,4,2,8,0
1RDDLUC02,6,7,9,10,11
1RDNKOL09,4,3,8,6,7
1RDNKOL23,6,10,11,15,6
1FNKAN58,5,3,4,7,10
1FNDAU02,7,2,1,1,0
1RDNAJM03,5,7,4,2,6
1CRUPFZ01,21,10,27,13,8
1RDWIMP01,10,14,20,16,19
1FNABN20,19,9,7,13,9
1FDBOM124,7,0,0,0,0
1FDBOM233,2,0,0,0,0
1FNKOL215,1,2,1,1,1
1RDDFZB01,9,11,14,10,8
1RDDVAR12,13,12,10,9,10
1FNKAN64,5,5,3,4,0
1FNBIK46,5,11,4,4,18
1FNPTP42,3,4,2,4,11
1FDKOL171,11,5,13,6,10
1FDBOM296,12,5,13,14,9
1FDRSM10,3,4,8,3,4
1RDWSUL01,7,7,3,2,9
1FNSUL10,9,16,7,3,2
1FNKHD38,6,4,0,0,2
1FNGDH14,9,1,5,2,2
1FNSUL38,3,3,1,0,0
1FNAMT18,4,3,5,7,5
1FNABN17,6,9,2,7,3
1FNKSH31,6,5,9,5,12
1FNSUL33,5,7,3,6,5
1FNPTP18,13,18,3,0,2
1FNPTP11,2,4,3,3,11
1CRUPSU04,4,25,6,8,6
1FNAMT25,8,4,1,2,4
1FDABN39,5,4,15,11,11
1RDNALD13,16,17,15,17,10
1FNKRI13,5,0,2,5,6
1CRRJCU02,3,13,10,3,9
1FNJOR03,10,4,2,0,1
1CRRJAL06,7,3,3,2,3
1FNPTP33,3,7,0,0,6
1FNAJM76,9,1,1,1,3
1FNKOT56,3,4,1,1,2
1DBA09321,7,1,4,2,1
1RDWAZM03,6,9,0,5,3
1FDKUT16,4,0,0,0,0
1FNKAN33,12,8,3,7,12
1FNDUN22,7,3,1,2,2
1FNKSH23,2,15,4,4,4
1FDJAI81,14,4,2,10,9
1FNKOL213,5,5,7,4,0
1FNKOL226,1,1,0,3,0
1FDDAR09,4,7,7,2,3
1RDDMUM77,8,10,4,5,5
1FNKOT59,7,2,0,3,7
1RDNKOL40,6,3,11,8,6
1FDBOM256,17,0,0,0,0
1FNCHT20,10,11,13,6,6
1CRUPKN12,7,8,11,5,7
1FNAMT23,7,7,15,6,5
1FNGND03,13,6,5,6,14
1RDDKAN14,22,7,1,3,3
1FNFTP46,6,3,0,3,3
1FNALD58,18,27,7,9,23
1FNUNO06,3,6,1,6,10
1RDNALD12,18,4,6,8,1
1RDWJNP05,3,7,3,2,4
1FNRBL38,10,10,2,4,3
1FNFTP24,8,9,13,2,1
1FNGZP09,10,7,5,5,0
1FNKSH25,13,7,2,0,9
1FNLUC84,7,3,0,5,3
1RDDALD01,11,7,13,16,7
1FNGKP10,7,4,1,11,2
1FNRBL46,7,7,11,3,3
1FNRBL44,13,6,6,2,5
1FNRBL33,6,5,2,1,2
1RDNMIT01,12,4,1,4,2
1RDNMEH05,4,11,7,3,6
1FDKOT34,10,10,6,5,6
1CRHUPLU03,2,2,2,8,4
1FDBOM278,2,0,9,14,4
1CRGJKA04,4,4,9,15,8
1CRRJJO01,7,12,18,11,29
1CRHMHMU06,6,3,3,6,5
1RDDGZP01,6,13,5,18,15
1FNFZB25,13,10,12,11,1
1CRHMHMU04,5,2,2,1,3
1FDJUN19,5,0,0,0,0
1CRGJAH47,2,1,4,7,6
1FDKOL142,5,4,4,1,1
1CRRJCH03,23,8,13,10,4
1FNRBL34,5,8,9,4,9
1FNBLR02,20,19,8,7,2
1FDBIK24,13,0,0,0,0
1CRGJAH39,7,19,20,20,11
1FNAHM85,4,4,0,3,4
1FNBOM64,25,1,2,0,7
1RDWMIR04,5,2,2,7,2
1FNKSH18,4,9,10,7,5
1CRRJKO06,7,8,12,8,5
1FNFZB15,2,5,6,4,6
1RDDLUC05,7,12,9,4,3
1CRMHTH03,4,1,1,2,11
1CRMHMU42,10,13,9,3,9
1RDWCSM03,6,7,1,0,0
1FNBNK07,3,1,1,1,2
1FDAJM55,7,3,6,9,0
1FNSUL45,3,12,24,17,3
1FWBDN27,9,7,1,10,3
1FDBOM376,5,5,5,0,0
1DBA09181,3,1,0,2,4
1FDFTP47,6,2,6,9,6
3CRGJJM01,6,0,2,5,11
1CRRJJP06,12,14,8,21,11
1FNBOM187,1,0,0,0,0
1FNKAN63,2,2,4,5,4
1RDWAJM15,9,5,8,4,11
1CRMHTH22,6,11,12,10,9
1FDRGH09,3,1,0,0,0
1FNAJM18,8,2,1,11,8
1FNSUL25,1,3,18,12,10
1RDDKAN13,10,7,11,14,11
1FDNGU08,6,8,7,7,3
1FNKCC09,3,0,1,1,0
1RDNRAJ04,7,4,3,4,3
1FDSRO10,2,1,0,0,0
1FNKHD12,7,3,6,0,1
1FNANA62,6,13,11,2,5
1FNANA27,2,3,0,2,3
1FNJAI62,2,1,8,6,6
1FNBOM96,7,7,5,1,6
1FNSUL16,4,9,2,1,0
1FDKOC001,4,6,0,5,4
1FNDAR10,6,6,10,5,7
1FNBNW05,4,2,14,5,9
1FNBND21,3,1,2,2,1
1FNABN14,8,12,1,8,0
1FWBIK44,2,9,4,10,1
1CRRJAJ11,8,20,21,9,17
1RDWALD25,7,6,4,2,2
1RDNJAI09,1,4,7,1,3
3CRGJJM02,6,9,9,4,12
1FNAJM63,5,6,2,2,4
1FNTNK12,10,2,15,10,5
1FDSIK13,8,0,5,6,12
1FNPTP38,8,7,8,5,3
1FNKSH26,4,7,2,2,3
1FNRBL27,12,3,3,5,4
1FDFZB38,11,16,12,14,12
1FNDAU22,4,7,3,2,0
1FNRBL15,2,7,5,4,3
1FNBAL02,8,8,17,4,1
1FNABN34,1,1,1,1,5
1FDBOM208,8,7,8,11,7
1FNJUN02,1,4,2,4,1
1FNRVN03,13,9,9,2,2
1FDBOM355,10,9,5,3,11
1FNBOM97,4,3,2,0,3
1FNALD102,10,7,5,1,3
1FNBNW24,5,3,14,1,0
1FNKAN90,4,2,1,5,8
1FDALW19,10,0,9,15,5
1FNMIR15,8,3,3,3,0
1FNBAL07,1,10,5,12,20
1FNRBL18,6,3,3,4,1
1FNBIK09,9,9,7,3,6
1FNRBL32,7,3,11,11,5
1FNKOL196,3,3,1,1,0
1CRHUPAL02,6,3,6,7,9
1FDBRR07,9,3,4,1,1
1RDDJDP12,8,15,1,1,11
1FNALD71,7,4,8,2,3
1FNJUN22,2,3,1,0,0
1FNJUN17,4,9,6,0,0
1RDWBHL02,4,7,7,6,6
1FNMAU07,3,2,0,3,4
1FNBHT02,15,15,13,4,7
1FNALD107,5,0,3,3,3
1FNKHD34,7,5,8,4,0
1RDNANA07,6,2,3,7,10
1FDLAH01,5,3,3,1,3
1FWJMG42,3,6,2,2,0
1FNKCC20,2,9,2,9,16
1FNAHM110,4,8,5,3,0
1FDVAR74,5,16,14,12,13
1RDDKAN11,12,2,9,7,4
1RDNAHM22,3,7,0,0,2
1CRHRJJO01,3,24,23,7,4
1CRGJAH27,5,7,6,8,12
1FNABN33,16,4,0,0,3
1FNAHM76,1,3,1,2,1
1FNKSH30,3,8,8,0,0
1RDNMUM84,3,5,8,12,4
1FDBOM367,5,3,5,11,3
1FNTNK06,5,4,9,5,4
1FNAMR04,2,5,10,4,11
1RDWUDP17,5,3,3,3,8
1FNPTP31,3,12,3,0,3
1FNSDR09,3,0,0,1,1
1FNJDP31,5,1,2,1,0
1FNAIZ01,1,3,5,4,5
1FNKHD11,17,18,2,2,0
1FDKOT32,6,3,8,10,11
1FNKSH20,1,5,3,1,1
1FNRAJ18,6,6,4,2,5
1RDNJAI12,7,3,0,6,5
1CRRJAJ04,6,11,8,11,8
1FDUDP49,7,10,2,7,2
1CRRJJP502,17,13,24,26,25
1CRGJRJ13,4,4,5,1,2
1FNRAJ55,3,5,1,0,1
1CRRJKO03,15,14,18,21,19
1FNLUC67,7,6,1,2,7
1CRUPVA08,2,3,2,2,7
1FNCND07,2,0,0,1,4
1FNANA42,4,3,3,0,0
1FNDUN06,5,0,0,0,0
1RDWLUC55,10,12,6,2,3
1FDCHU20,4,0,0,0,0
1CRRJJP16,10,5,12,7,18
1FNGGN21,1,2,3,5,3
1CRUPFZ02,6,14,20,17,20
1CRRJJO05,13,13,18,14,24
1FDBOM243,1,3,4,1,1
1FWKOL228,5,7,6,9,8
1FDMEH01,2,0,0,0,0
1FDCHU18,11,3,0,0,0
1FNBHI08,4,1,0,3,2
1FNPTN07,3,9,2,4,2
1RDWMEH16,3,2,3,3,4
1FNALD37,4,0,6,3,6
1CRHRJUD06,5,2,8,5,7
1FDBOM221,11,8,2,1,7
1FNBND03,1,4,3,3,2
1RDWPTP07,3,2,2,2,2
1CRGJME501,7,8,6,10,12
1FDBHL37,6,9,5,6,11
1FWRGH40,15,11,8,4,7
1FNKOL232,4,0,0,2,1
1CRMHMU16,2,2,2,7,7
1FNUDP36,2,1,6,5,5
1FNMAU03,14,4,2,2,5
1FNARV04,9,13,1,8,21
1FNANA46,1,4,0,0,2
1RDWFZB09,10,10,12,13,3
1FNSUL44,10,10,4,13,7
1CRMHMU18,6,11,24,11,4
1FNJAI46,17,5,1,2,1
1RDDLUC13,8,7,7,3,5
1FNANA61,3,3,7,3,4
1FNKAN124,2,7,20,20,5
1FNRBL17,2,8,1,9,16
1FNSOU01,4,1,0,1,4
1FNALD115,8,7,8,3,10
1CRRJTK05,17,12,11,23,26
1FNABN31,15,6,2,16,8
1RDNVAR13,2,0,0,2,1
1RDWSUL02,12,5,3,3,6
1FNJNP12,4,3,2,2,4
1FDBDN18,8,3,0,7,3
1FNKSH21,5,2,2,2,0
1CRUPBN01,4,4,5,10,5
1CRUPVA09,13,20,16,14,14
1FNWOK01,6,8,16,2,2
1DBA08221,3,3,3,5,5
1FNMRD05,2,0,2,6,2
1FDJAI124,5,0,0,0,0
1FDBRM12,20,16,11,2,9
1RDWALD26,1,2,5,5,3
1FDKOL162,5,3,5,6,4
1FNVAR47,17,15,14,11,4
1FDAHM147,6,2,3,3,0
1FNFZB23,4,1,2,1,2
1FNKUS05,6,4,6,9,1
1RDNBOM13,2,1,3,2,2
1FNBOM94,10,0,5,1,4
1DBA09736,15,4,3,2,4
1FNKAN42,8,5,15,12,10
1FNPUM01,4,14,1,1,1
1FNVAR83,14,15,10,4,0
1FDAJM57,14,18,21,11,32
1RDDMUM79,6,1,4,1,1
1FNFTP37,11,9,0,0,0
1FNCND05,11,1,1,1,2
1CRMHMU503,8,6,9,21,24
1CRMHTH36,5,5,4,6,4
1DBA08851,4,14,7,0,1
1FDKAN168,8,13,16,6,9
1FDALW15,12,10,0,2,17
1FNTNK04,9,6,3,1,1
1RDWAZM02,12,15,14,13,11
1FNJUN15,7,3,3,2,2
1FWKOL237,1,2,1,1,2
1FNKHD35,21,7,2,11,7
1FDKAN153,6,11,19,0,2
1FDAHM174,4,3,7,6,4
1FNALD81,8,4,13,3,3
1FNDAU04,6,4,3,6,7
1RDWKOL69 ,2,1,5,2,4
1FNBHL16,6,8,3,0,0
1CRRJRS03,8,10,10,13,25
1FNBHL08,4,3,3,2,4
1CRRJDA03,7,9,7,6,14
1CRGJAN05,3,8,11,3,4
1RDNAHM36,3,18,1,3,0
1FNGZP05,10,4,16,0,4
1FNAMT14,3,3,4,15,12
1FNSUL27,4,12,15,3,3
1FNALD36,4,4,11,6,6
1FNALD119,9,8,6,6,5
1FNBHR06,2,6,0,0,2
1FNKRI18,18,20,4,3,10
1FNMDP03,6,7,2,0,1
1CRMHMU64,9,4,0,2,4
1RDNJDP03,3,2,1,1,12
1CRRJJH03,3,2,4,2,30
1CRWBPN01,15,16,13,15,7
1FNRAJ44,4,1,0,0,1
1FDJAI129,9,4,13,3,12
1FNVAR57,10,2,2,4,3
1RDDLUC20,9,16,8,12,14
1FNKAN89,3,2,2,3,1
1FDSMD21,7,10,4,5,1
1FNAMT06,3,6,1,4,22
1FDBOM291,5,4,1,5,10
1FNSUL35,4,8,9,3,4
1FDSRO05,5,3,5,12,20
1FNBHP05,8,12,3,0,2
1FDAJM54,5,0,0,1,5
1FDRGH05,5,10,11,4,4
1FNMIR09,3,1,3,0,0
1FDGDH16,2,3,0,0,0
1FDUDP23,4,4,3,0,5
1FNBDN10,6,5,3,0,0
1FNKOL117,7,3,7,3,5
1FNHAJ01,6,5,0,0,1
1CRGJKA01,2,6,13,11,6
1FNMRD09,9,3,0,1,1
1FNHAN04,2,5,0,0,5
1FNAHM89,1,1,1,2,1
1crmhmu07,11,7,13,5,19
1RDNAHM23,12,10,5,11,11
1RDNALD09,6,4,13,2,2
1CRMHMU49,20,15,23,13,9
1FNABN07,3,4,0,4,1
1CRHUPRA01,3,4,1,6,4
1CRWBPS01,6,6,3,4,4
1FNAHM117,9,1,0,0,0
1FDRGH18,10,13,4,4,2
1FNBRM05,7,0,0,7,4
1FNFZB42,4,6,8,9,9
1CRGJAH32,30,6,7,7,6
1FNVAR65,4,0,0,1,5
1CRUPKN13,2,2,5,5,5
1RDWABN06,15,20,11,11,16
1FNRAJ43,2,3,8,3,2
1FNLUC63,2,1,2,2,2
1FNRAJ27,9,1,1,2,2
1FDRGH13,11,8,2,5,3
1CRUPKN18,10,10,2,2,1
1FNKUT05,7,3,3,2,10
1RDDKAN08,7,6,5,5,6
1FNKOL131,6,6,2,4,3
1FNGDH02,6,3,6,1,9
1CRGJKH01,7,4,4,4,5
1RDDMUM90,3,7,5,4,5
1DBA15961,3,0,0,2,0
1FNDUN10,3,7,18,12,7
1FNDIM03,2,3,5,5,0
1CRGJSN02,3,7,5,7,10
1FNRAJ48,2,3,5,8,9
1RDNVRV01,1,4,4,9,2
1CRHUPAL04,2,5,7,14,7
1CRRJDA05,9,10,3,7,13
1RDNRAJ06,4,4,0,1,3
1FNRAJ59,2,0,3,9,3
1FNBHT04,8,3,6,11,9
1FNBDN12,5,3,0,1,0
1FNALD40,9,3,2,2,2
1FDBND20,2,3,5,3,2
1FDAHM169,6,6,0,2,3
1FDAHM177,4,0,6,6,5
1FDAHM182,1,4,1,2,5
1FDKCC19,9,5,8,10,8
1FDBOM123,10,8,1,7,1
1FNPTP20,2,4,5,7,7
1CRMHTH17,9,7,7,6,5
1FDDAU12,8,8,3,0,22
1FNBHT03,3,6,4,6,7
1FDBOM207,1,0,6,2,3
1FNALD84,6,8,1,1,3
1FNALD132,11,12,9,0,1
1CRUPKN06,8,6,14,7,6
1CRWBKL05,7,11,18,6,37
1CRUPVA12,2,6,4,7,4
1CRHGJJU01,1,3,4,4,3
1FNKOL118,7,2,7,13,7
1FNMIR12,4,5,10,2,4
1RDWBOM53,11,8,5,11,9
1CRGJAH03,12,1,9,8,9
3CRRJJO09,6,17,12,17,32
1FNLUC92,13,3,1,5,0
1FNRVN07,9,6,10,5,3
1FDMDP04,12,9,11,5,1
1RDNVAR18,10,8,4,2,7
1RDNFZB03,1,6,3,8,6
1FNRBL09,15,2,5,5,0
1RDWALD21,16,30,6,1,3
1FDAJM25,16,20,11,12,13
1RDNLUC32,5,0,3,4,8
1FNJDP59,7,0,2,0,5
1FNDAR05,5,3,1,0,4
1CRMHMU56,12,12,9,7,6
1CRHMHMU07,8,3,4,1,4
1FDVAR64,5,5,11,8,11
1RDDLUC07,7,7,29,25,9
1RDWPTP01,7,0,4,9,4
1FNKAN149,4,5,11,10,11
1FNAHM111,5,5,2,1,0
1RDWLUC54,9,4,7,12,13
1FDBOM364,4,5,6,5,9
1FDAHM170,3,10,6,10,3
1RDNKOL34,7,3,3,2,2
1FNBRF01,1,0,0,1,0
1CRHUPLU10,1,3,6,2,6
1FDJAI86,3,5,3,2,6
1FNJMG23,4,3,5,6,5
1CRRJJL01,8,5,9,9,8
1FNKHD51,8,5,3,5,2
1FNKOL132,5,0,2,1,0
1FNSUL24,4,8,17,3,8
1RDDMUM36,11,6,5,4,1
1FNBND13,4,4,0,2,6
1FNKOL98,1,2,3,0,0
1FNKOL88,4,2,0,1,0
1FNAHM149,2,2,0,0,2
1FNJOR01,1,0,3,0,2
1FDBOM294,5,4,0,0,0
1RDNJMG03,8,2,1,2,5
1FNAJM21,6,4,2,4,5
1FDKAN160,15,19,15,10,17
1DBA17381,2,1,1,1,0
1FNKAN117,14,14,1,0,0
1FDBOM413,1,2,11,10,4
1FNHOG10,11,0,0,0,0
1FNAHM93,2,2,4,4,2
1FDUDP26,7,4,1,6,2
1FNBRD01,1,3,2,0,1
1FNKMR03,3,0,0,0,1
1RDNKOD01,4,1,1,4,1
1CRRJJP24,22,15,9,2,10
1RDNKOL26,5,7,0,3,4
1RDNUDP01,8,8,7,2,4
1CRRJAJ02,4,5,5,18,37
1FNBRR05,1,2,6,8,1
1FNANA19,6,4,7,5,4
1FNMAU04,4,5,14,10,9
1FDBIK32,4,4,10,4,5
1RDDMUM59,1,0,0,0,0
1FNUNO04,11,3,4,19,18
1RDNLUC36,5,5,0,3,1
1FNKSH09,1,2,2,4,2
1FDKAN155,10,8,14,8,0
1RDDMUM08,6,3,2,2,3
1FDBOM321,8,5,3,7,3
1FNGKP12,1,5,10,11,10
1FNKAN72,5,5,0,3,11
1FNJDP56,9,6,4,3,7
1FDBHL35,4,2,0,0,0
1CRRJBN01,6,11,20,17,12
1CRGJBV01,1,2,5,4,2
1FNGDH01,4,1,0,1,0
1FDJDP51,3,3,2,3,2
1FWKOL233,7,6,8,5,7
1FNMEH52,4,5,1,2,2
1RDDVAR05,9,9,19,12,12
1FDRGH15,2,5,7,2,1
1FNJUN11,4,0,0,3,1
1FNUDP54,5,3,7,5,0
1CRHMHTH01,9,7,7,8,12
1FDLUC111,11,15,5,7,9
1FNVAR43,4,0,0,0,0
1FNBOM60,21,16,1,1,0
1FNKOL219,4,0,2,1,0
1FNKAN180,14,8,11,5,2
1FNKOL208,2,4,2,4,3
1FNVAR58,3,7,3,4,1
1FNKAN77,3,5,0,7,0
1FNMLD01,3,3,4,4,1
1FDKOL163,12,16,6,7,3
1RDDFTP01,8,11,7,6,9
1CRHUPLU01,7,6,12,16,13
1CRRJKO02,5,5,6,11,9
1FNVAR85,10,3,3,6,10
1CRHUPVA10,4,2,1,5,10
1DBA07711,3,4,3,1,1
1CRGJKH10,18,3,3,4,2
1RDWANA11,7,9,10,9,2
1FNMEH34,2,2,5,5,1
1FDBOT04,6,6,7,13,4
1CRHUPVA02,7,1,4,4,12
1CRGJGN01,5,4,6,5,6
1RDNAHM42,4,3,2,1,3
1FNVAR48,2,4,2,4,0
1CRGJAH12,4,4,4,13,3
1FNUNO02,11,2,8,20,13
1FNJLR10,8,4,6,0,7
1FNAHM121,3,2,2,2,0
1RDWBHL03,4,6,14,11,2
1FNCHU22,4,1,0,0,0
1RDWCHT02,7,4,12,8,5
1RDDVAR01,12,22,15,6,10
1FNJAI123,11,1,4,0,2
1FNKAN60,12,1,4,4,9
1FNJMG17,4,4,1,7,5
1FNAHM113,2,8,9,6,0
1FDBOM169,6,24,19,14,57
1FDJAI71,3,1,6,9,14
1FDBHA08,6,2,1,2,4
1CRGJPT01,12,11,3,7,13
1FWAHM202,3,8,5,12,9
1FDJSL06,4,8,4,5,3
1RDWBOM25,5,4,2,5,5
1FNVAR46,6,9,6,2,3
1CRHUPVA07,12,20,15,7,13
1CRUPFZ03,4,8,7,5,8
1RDWKMR01,1,5,1,7,7
1CRRJBL04,8,11,7,3,4
1CRHGJAH01,6,5,7,6,29
1CRGJKH09,1,3,4,4,1
1FNPTP24,9,9,10,7,4
1FDAMR14,3,5,1,4,1
1CRGJSN03,3,5,9,5,7
1CRRJAJ501,10,14,15,20,18
1FNSUL13,8,8,4,5,15
1FNKOT58,8,13,10,3,2
1RDWMDR01,2,2,3,3,2
1FNKOT51,5,6,3,2,1
1RDNANA08,3,3,8,1,2
1FNKOT17,3,11,7,7,7
1FNBND04,4,3,0,1,1
1CRRJBU03,9,3,0,3,5
1FNANA32,16,9,6,2,10
1FWAHM211,4,1,3,1,4
1FNPTP12,2,5,9,7,1
1FNSUL14,6,5,7,10,20
1FNKHD24,5,3,4,2,2
1FDABN41,11,9,8,10,17
1FNKAN113,8,1,11,11,11
1FNALD82,3,3,2,0,3
1FNANA31,6,7,0,2,6
1FNKOL209,1,0,0,3,1
1FDBOM109,5,0,0,0,0
1FNANA30,5,6,3,8,4
1FNRAJ46,1,1,0,0,0
1FNKAN43,3,0,1,1,4
1FNAHM70,5,4,6,1,0
1CRRJPG02,3,7,13,6,6
1CRGJAH04,9,7,5,9,10
1FNCND08,3,3,5,4,5
1FNGGN18,3,3,3,0,3
1FNKAN91,8,13,3,12,5
1FNKHD06,7,1,1,2,0
1FNVAR94,2,2,2,0,0
1FNVAR45,3,0,2,2,10
1FNPLI13,1,1,3,5,2
1RDNKOL57,3,7,5,11,8
1FNKAN138,6,4,1,0,0
1FNFTP12,12,8,14,8,5
1FNRAJ31,1,0,0,0,0
1CRHGJAN05,8,3,7,5,6
1FNBHA03,6,2,9,0,4
1FNIMP03,7,4,3,3,1
1CRGJKH02,2,1,8,9,5
1FDJAI79,1,3,1,9,9
1DBA04741,4,4,3,4,6
1RDNKAN17,3,3,3,2,4
1FNJAI53,15,3,1,7,6
1CRRJJO501,3,8,8,1,2
1FNKHD39,1,5,3,1,4
1FNBNW09,9,8,6,0,3
1FNKAN50,9,8,0,3,4
1FNKAN56,13,18,15,17,7
1FNHMP05,4,3,9,6,0
1RDDMUM03,6,22,2,9,4
1FNSDR08,12,1,4,4,2
1FNMIR14,14,14,11,16,7
1FNKAN129,11,5,6,3,9
1FNRBL42,12,9,8,9,4
1FNSUL39,10,5,6,7,11
1FNDAU14,3,7,3,1,1
1FDJAI126,10,5,6,4,3
1CRRJDA02,2,0,0,0,0
1FNKAN94,20,9,7,4,8
1RDNMEH03,6,1,1,2,3
1FDBOM303,6,4,0,0,0
1RDDJAI27,4,13,9,4,17
1FNPSS05,4,3,2,3,6
1FNSBK04,5,1,2,5,9
1FNSMD08,5,12,7,14,21
1FNKSH27,12,0,0,4,1
1FNKOL106,2,4,3,0,5
1FNRBL30,5,10,5,3,0
1FDRBL48,6,7,7,9,6
1FNAMT33,8,4,11,3,5
1FNJUN09,3,1,0,0,2
1FNJDP36,8,0,1,0,1
1FNJMG40,6,0,0,6,5
1RDNAHM28,3,0,5,2,0
1FNKOL136,10,0,0,2,5
1FNKMR02,8,0,0,0,1
1FDBOM244,6,0,0,0,0
1FNANA26,7,2,1,0,4
1FDBOM178,4,7,5,4,9
1CRGJRJ12,8,4,1,4,0
1FDJHU17,10,5,7,0,4
1FNAMT02,14,5,11,5,10
1FNBHL09,7,6,1,2,0
1FDANA47,9,0,3,4,1
1FNALD108,5,2,8,9,8
1RDNVAR17,2,3,0,3,2
1FNJAI116,6,3,1,2,0
1CRRJJP22,9,8,13,18,17
1FNABN15,9,13,2,1,8
1FNVAR56,10,9,11,1,1
1FDBOM331,3,3,8,0,0
1FNMEH51,1,13,9,3,3
1FNSGN01,2,0,1,1,0
1FNKAN127,1,0,1,2,1
1FDFZB41,12,10,11,4,5
1FNKRI05,1,2,5,6,12
1FNALD90,5,4,10,5,8
1FNPTN04,5,1,4,1,0
1CRGJSK01,3,8,2,6,8
1RDNUDP07,5,11,4,3,2
1FNALD91,3,2,5,2,3
1FDRGH30,14,11,20,6,5
1RDDUNC01,12,11,11,6,9
1FDBOM267,2,8,5,2,1
1RDDMUM75,8,4,6,1,0
1CRHGJAH02,8,9,14,14,14
1FDKAN144,4,9,10,6,8
1FDBOM114,4,1,0,0,0
1FNKSH19,3,14,6,8,7
1FNGDH10,3,0,2,2,5
1FNAHM126,4,1,1,3,2
1FNKOT06,2,1,2,4,7
1FNKOK02,3,0,2,0,0
1DBA07291,2,2,0,6,9
1RDDANA01,4,5,13,7,6
1FNANA44,5,11,2,2,5
1FNKAN86,6,2,0,1,1
1FNSUL42,2,4,10,14,7
1RDWAHM56,12,30,30,4,21
1RDNAHM02,3,2,0,2,0
1FDBOM139,4,7,14,20,1
1CRRJO11,10,11,13,11,16
1FNBOM98,7,7,9,6,10
1RDDMUM42,2,4,6,8,8
1FNBHL25,17,8,11,8,5
1FNAJM61,11,3,5,1,2
1RDDAHM05,2,3,12,4,2
1FNRBL47,4,4,5,4,6
1FNSNE03,1,0,4,1,10
1FNNGU14,11,10,6,12,3
1FDBNK19,12,0,0,0,0
1CRGJAH24,3,7,6,2,10
1RDWPTP02,14,10,16,17,13
1RDWJNP04,15,10,15,16,11
1CRMHTH21,4,5,7,1,12
1FNAHM69,1,0,0,3,8
1CRUPLK12,4,7,5,15,10
1FNAMT11,3,10,4,8,0
1FNKAN35,7,8,10,8,2
1FDBOM345,3,4,10,16,1
1FNJAI153,3,1,3,2,4
1RDDPVL01,10,6,14,1,0
1FNHOW02,8,5,3,4,0
1RDNUDP11,2,0,0,4,18
1FNFTP48,5,6,0,0,0
1RDNKAN19,6,17,8,4,8
1FNALD39,2,0,4,6,3
1FNRAJ37,3,8,6,2,2
1FNDAU08,5,2,0,1,0
1FNUDP33,4,2,3,4,6
1FNABN27,3,3,0,4,2
1FDBOM144,1,0,0,0,0
1FDBOM350,8,2,0,0,0
1FNPTP14,6,7,13,7,5
1FDAJM23,6,0,0,0,0
1FDSRO03,4,8,13,4,13
1FDJAI82,11,2,4,3,2
1CRMHMU08,5,5,3,8,7
1FNFTP10,10,12,10,13,6
1RDNRAJ12,5,7,0,4,2
1RDDAHM14,3,0,0,0,0
1FNJAI84,4,0,4,1,1
1CRUPKN15,7,11,4,8,8
1FNVAR68,2,8,5,7,7
1FNAMT32,17,17,11,25,20
1CRMHMU47,12,7,8,5,11
1RDWABN03,9,11,1,0,2
1FNBAN04,5,2,7,8,24
1RDNRAJ08,6,13,19,13,1
1FNCHU10,10,3,1,3,2
1FNLUC66,2,9,14,12,12
1FDJDP43,6,10,4,6,6
1FNKAN78,3,3,3,5,2
1FNJNP08,7,5,3,6,12
1FDJDP21,9,8,4,9,10
1FNSMD03,7,0,1,0,0
1RDNBOM12,4,1,1,0,0
1FNKHD17,6,8,0,1,2
1CRRJAL04,4,4,2,6,12
1FWJMG44,6,1,4,5,11
1FNBHT01,3,2,5,24,1
1FNBNW18,3,0,3,1,1
1FNJDP16,11,0,1,0,7
1FDPOR06,4,2,2,3,2
1FNRBL40,18,15,20,11,6
1CRGJRJ14,4,5,13,4,2
1FNKAN75,3,4,2,4,1
1CRHUPVA13,5,3,17,14,8
1FNPTN08,3,8,4,2,4
1FNSRO08,1,0,10,14,6
1FNUNO08,2,0,3,8,5
1DBA09732,4,3,5,4,7
1FNUDP19,4,4,2,6,1
1FDDDW01,1,4,3,7,2
1RDDMUM13,3,8,5,4,1
1FNBNW27,9,9,3,0,6
1FDBOM333,3,0,0,0,1
1FNLUC59,13,6,2,8,8
1RDWALD20,2,2,3,6,6
1FNFTP14,8,4,0,5,8
1FNBAL05,5,4,7,10,3
1FDJAI73,10,4,2,4,2
1FDBOM241,5,0,0,0,0
1CRGJAH45,6,7,11,13,5
1CRHUPLU02,6,14,19,12,8
1DBA02691,3,4,2,3,3
1FNANA34,6,1,6,4,6
1FDBIK40,5,0,0,0,0
1FNBIK11,6,5,11,8,2
1FNVAR62,6,5,9,6,12
1CRGJAH37,2,2,4,15,6
1FDBOM263,4,18,19,10,5
1RDDPUN29,5,7,6,11,8
1FDBOM206,3,5,16,5,4
2CRUPLK13,13,11,12,6,25
1CRRJGA02,2,2,8,17,19
1FNAJM72,7,4,4,10,8
1FDRGH39,24,33,12,8,9
1FNKAN76,2,1,9,5,4
1FNAHM80,7,2,5,0,0
1FNLUC103,4,8,12,3,0
1FDJAI134,2,0,0,0,0
1FDBOM394,2,8,7,6,1
1FNCND04,6,19,2,0,1
1FNJAI56,7,1,2,4,11
1FNCHU07,7,10,2,9,10
1FNTNK09,9,8,0,0,4
1FDBOM359,4,4,3,0,0
1CRUPBR01,12,11,10,6,13
1CRRJAJ01,7,12,4,5,13
1CRHGJMB01,7,8,3,14,7
1FNKOL85,6,4,3,1,4
1FDKAN157,14,17,6,4,3
1FNJSL02,8,2,3,0,4
1FNSUL29,16,4,14,6,5
1RDWRVN01,7,18,10,11,7
1CRMHTH11,9,12,11,9,2
1RDWKOT05,2,2,0,2,2
1FNKOL134,5,3,3,1,1
1CRWBBW01,2,1,5,4,4
1FNRAJ35,5,3,6,6,10
1FNKUT11,2,5,0,2,4
1RDWABN01,5,2,3,0,5
1FNIMP04,1,4,0,1,1
1RDWJNP06,14,3,4,17,9
1FNJDP65,8,2,3,2,0
1FNSUL22,8,2,11,11,7
1FNBRM12,9,6,1,0,1
1FNRGH04,7,2,0,1,1
1CRRJGA06,10,11,25,25,21
1FNABN36,6,4,7,9,6
1FNAHM87,4,1,0,4,1
1FNFTP28,5,5,1,10,1
1FDBOM213,2,6,7,1,3
1RDDMUM53,5,0,2,3,0
1FWADR02,7,3,8,7,8
1FNSID01,8,2,7,3,13
1FNLUC70,7,6,1,2,4
1FNAMT05,11,11,4,2,5
1FDSBK15,8,8,5,8,10
1FNDIM01,4,0,0,0,2
1FNABN16,3,11,3,8,10
1FNAJM77,6,3,1,3,1
1CRASEI01,3,6,2,4,11
1FNVAR63,9,7,9,1,14
1CRRJJO03,4,13,10,7,25
1FNKHD52,6,5,1,1,2
1FNKHD57,6,3,3,6,3
1FNBNG03,1,4,1,0,0
1CRMHTH39,5,12,8,4,4
1FNKAN79,9,7,6,5,5
1FDBOM104,12,7,15,17,16
1RDNDAU01,13,3,3,4,1
1FNSVR02,4,4,7,3,2
1FDNGU11,6,7,4,7,3
1FNPTP45,3,3,1,5,4
1FNJUN08,2,3,1,5,2
1FNALD105,8,0,5,2,14
1FNBOM118,14,3,4,6,3
1FDAJM50,15,4,10,1,0
1FNKRI17,4,2,4,3,4
1FNKAN57,3,0,1,5,2
1FDBOM279,3,6,7,0,0
1RDNAJM08,1,1,0,2,1
1FNKRI10,5,3,1,2,0
1FDBDN06,2,0,6,3,6
1FNAHM127,1,2,7,12,6
1FNMRD12,10,3,2,2,1
1CRRJGA05,2,5,3,4,10
1CRMHTH41,9,4,12,11,13
1RDWPTP08,12,17,10,6,0
1RDWVAR24,2,3,17,1,7
1CRRJBR03,5,5,8,7,4
1FDKOL183,4,12,5,4,6
1FDPGS09,5,4,11,5,11
1FDDAR08,1,6,1,3,1
1DBA09734,3,1,3,0,3
1FNKRI04,2,2,0,1,0
1FWRAJ68,1,0,1,1,4
1FNBNG01,8,6,11,1,0
1FNKAN71,11,7,26,9,4
1FDJMG41,7,4,0,0,0
1CRMHMU44,9,5,11,12,17
1FNKCC02,4,0,0,0,0
1FNPOR01,8,7,10,3,6
1FNRBL28,3,4,6,5,0
1FNRAE01,9,1,1,0,6
1FNRBL41,3,6,2,1,5
1FNBIK14,5,0,3,3,3
1RDDAZM01,13,10,18,7,3
1CRRJJH11,5,7,3,4,6
1FDBIK33,7,6,2,6,2
1RDDMUM80,3,1,2,3,4
1FNAJM79,6,4,5,2,1
1CRHUPKA05,1,9,8,4,10
1FNFZB16,11,11,4,10,14
1FDBOM107,7,18,12,7,11
1CRGJAH20,9,7,13,4,11
1FNALD32,9,7,6,1,1
1CRRJBP03,8,6,5,8,11
1CRRJNG02,7,3,7,11,4
1FNBOM72,20,15,12,3,7
1FNRGH02,4,5,1,2,3
1CRRJKO05,8,6,4,6,7
1FDMEH04,7,0,0,0,0
1FNHAO05,8,16,10,8,9
1FNPTP19,13,4,0,5,5
1CRHUPKA06,6,4,14,2,6
1FNDUN03,8,7,3,4,18
1FNKOT44,4,3,4,3,3
1FNBAL03,15,6,9,18,8
1FNAJM42,4,3,8,4,0
1FNKAN68,12,4,2,6,7
1RDWBOM30,5,3,5,5,4
1FNKOL246,3,2,2,1,2
1FNKOL133,4,3,4,4,2
1FNSUL09,7,1,9,3,14
1CRMHMU15,8,12,10,16,1
1FNRBL16,6,10,2,3,1
1FDJLR07,9,1,3,5,4
1FDPSS07,6,4,9,3,11
1FNKOL129,2,9,8,2,0
1RDNBOM11,3,0,1,0,0
1FDAJM49,9,7,9,11,6
1CRRJBP04,3,6,5,2,14
1RDNGHT02,3,3,7,6,2
1FNKAN38,10,2,10,3,3
1RDDMUM89,12,16,8,13,10
1CRWBHR501,9,14,12,2,5
1FDKOT31,5,0,0,0,0
1FNMEH43,3,3,3,6,0
2CRMHMU515,5,14,16,9,12
1FNKAN69,7,7,1,2,7
1FDWTP002,2,3,7,8,2
1RDWPTP05,8,15,8,13,14
1FWALD133,6,0,1,0,5
1RDDLUC25,1,4,11,4,4
1FNKOL217,3,7,4,7,3
1FDKAN151,16,6,6,3,4
1FNSOU03,5,1,3,4,2
1FDBDN21,10,7,11,10,3
1FDKOL128,6,8,4,1,2
1FNABN35,6,6,5,4,9
1RDWPTP06,6,3,2,2,5
1CRRJUD05,2,6,14,6,6
1FNKHD15,4,4,2,2,4
1CRUPVA05,4,5,7,14,20
1RDNSHL01,3,0,0,0,1
1FNKOT15,6,9,9,6,6
1FNJAI151,3,2,2,2,4
1FNRAJ39,3,0,1,2,1
1FNALD30,6,10,3,6,6
1RDWAHM54,2,2,1,0,4
1FDBOM260,2,0,0,0,0
1FNBDN03,6,1,4,5,2
1FDKRI19,7,0,0,0,0
1FNJAI150,7,3,1,2,8
1FNSBK08,9,5,8,6,5
1CRMHMU78,6,0,5,5,5
1FNAMT12,6,6,5,5,5
1FDKUT14,20,0,3,0,1
1FDBOM201,11,0,0,0,0
1CRMHMU25,3,4,4,3,6
1FDBOM391,8,16,2,5,3
1CRRJJP11,7,9,11,18,14
1FNCHU12,2,3,1,0,2
1FNKHD20,17,10,5,1,1
1FNKRI07,5,2,1,7,8
1FNJAI65,5,0,2,2,2
1RDNASA01,1,1,3,10,5
1CRWBBW02,7,5,8,3,8
1CRMHMU28,9,4,8,6,12
1FNBRM01,14,6,5,3,3
1FNKOT43,15,1,3,4,3
1RDWFZB11,6,8,5,3,3
1FDBOM358,6,7,5,8,8
1FNAMR06,1,0,1,0,1
1FNVAR53,8,14,4,1,0
1FDBKU04,4,10,13,11,9
1FNBBN06,7,12,19,3,10
1FDJAI76,3,0,8,5,4
1FNAMR09,3,1,0,2,2
1CRGJKH05,3,1,2,2,3
1FNAMT10,2,5,0,3,3
1FWJMG43,5,2,1,1,0
1FNALD69,1,6,11,7,8
1DBA14052,5,7,1,8,7
1FNMEH53,3,2,2,3,2
1FNBND15,3,15,18,5,6
1FNKHD03,2,1,5,3,5
1FDBOM348,9,5,1,3,7
1FNLUC106,8,2,2,0,0
1FDBOM414,6,13,9,4,9
1FNBHR03,7,9,1,4,3
1CRRJAJ06,1,4,4,5,4
1RDNKOL48,4,8,2,0,0
1CRGJAH13,3,8,3,5,10
1FDBOM282,1,4,4,0,0
1FNKCC21,2,8,11,12,6
1RDWALD23,5,6,7,9,9
1FNKOL229,3,3,0,1,2
1FNHOG02,4,1,0,2,0
2CRWBKL06,5,7,18,11,6
1RDNKOL16,5,4,4,7,4
1FNALD68,9,9,0,8,3
1FNKOT19,7,2,6,1,9
1FNKAN45,10,2,1,5,7
1RDWALD17,4,7,6,5,7
1RDNAHM09,9,0,1,0,1
1RDWCND01,4,4,3,2,3
1FDTNK23,4,4,7,2,5
1FNUDP28,1,6,26,4,13
1FDKAN173,3,9,6,2,0
1FNBBM03,10,4,2,1,0
1FNUTT01,3,12,2,0,4
1FDJAI132,12,0,6,2,10
1FNJDP64,3,2,2,6,2
1FNALD56,2,0,3,21,7
1FNAHM125,2,0,2,1,5
1CRGJBV03,3,0,2,3,2
1CRHUPKA08,2,3,8,2,3
1FNJAI110,3,0,0,0,0
1FNTNK11,4,12,8,13,7
1RDDMUM73,6,11,19,20,11
1FNKHD19,7,0,3,8,1
1FDKAN167,12,10,8,8,15
1FNAMT17,8,12,3,4,1
1FNALD77,8,9,1,1,1
1CRHGJAH03,23,8,5,8,9
1FNPTP48,19,4,0,0,0
1FNAMT20,10,23,2,2,7
1FNSUL03,2,3,9,12,8
1FNJDP17,3,9,4,1,2
1RDNLUC35,1,2,12,6,2
1RDNAHM38,8,0,0,0,0
1RDNVAR19,2,4,3,0,10
1CRUPKN04,5,2,3,2,12
1FNHOG05,6,10,5,2,0
1RDWLUC48,6,4,0,0,0
1FNJNP10,6,8,7,13,6
1FNRAJ16,3,1,2,3,6
1FNBRM09,7,7,8,3,1
1CRRJAJ07,1,7,6,5,9
1FNBHL14,2,2,1,10,1
1FNBHL21,8,4,6,15,7
1FNFTP32,5,4,8,5,4
1FNJAI63,7,16,3,2,4
1FDKRI16,4,9,5,5,4
1RDDLUC14,7,8,7,10,5
1RDDMUM31,5,5,5,7,3
1FWTNA01,1,12,5,6,5
1FNMEH21,14,1,3,4,2
1CRGJMS02,6,5,2,8,4
1RDDKAN06,4,6,3,2,2
1FNKCC10,3,1,0,1,0
1CRGJBK02,16,0,0,0,0
1FNRBL24,5,3,11,6,8
1CRUPKN02,12,14,15,20,11
1RDNAJR01,5,0,2,0,3
2CRRJBP01,3,3,8,2,8
1FDBOM415,6,0,0,0,0
1FNALD129,8,10,16,12,9
1FNLUC77,3,5,3,1,0
1CRGJMS04,1,2,5,7,11
1FDALW20,6,1,0,3,4
1FNSKN01,9,10,11,8,8
1FNANA57,6,4,0,3,4
1FNSUL37,16,5,16,11,9
1RDDMUM12,2,7,7,4,9
1FNTNK16,5,7,19,6,34
1FNVAR52,14,11,5,5,5
1CRRJPG01,1,2,10,3,18
1FNJLN04,7,3,3,2,7
1RDNKOL14,3,5,7,2,2
1FNAZM11,5,3,12,1,0
1FNKRI08,5,7,3,2,3
1FDBOM306,9,5,5,4,2
1FNKAN101,7,9,0,12,0
1FNALD111,2,6,8,2,1
1CRMHTH08,10,10,9,8,16
1CRRJBU04,3,3,5,3,1
1CRRJJO07,5,16,10,17,26
1RDDKAN09,4,8,6,5,5
1FNBND12,4,1,6,4,5
1FNFZB31,1,1,1,5,5
1RDNVAR14,10,9,11,2,6
1FNMRD03,4,0,2,6,1
1RDNAHM92,5,3,1,4,2
1CRHUPLU11,3,14,11,8,18
2CRWBKL16,7,2,3,5,2
1CRHUPAL08,6,12,22,18,6
1CRHGJME02,6,4,4,4,4
1CRRJBL05,5,6,3,5,0
1CRHUPVA11,5,1,1,5,17
1FDPSS11,10,13,9,4,1
1FNALD35,3,0,12,27,5
1FDBOM276,18,11,12,17,18
1FNHAO06,6,11,7,1,0
1RDDMUM17,3,3,11,8,13
1FNBBN02,1,5,1,6,2
1FNVAR77,1,4,4,2,1
1FNJMG12,6,3,5,2,0
1RDWHOW01,9,8,8,4,9
1RDNJAI19,7,4,2,2,6
1CRHUPKA04,4,2,3,3,16
1CRHUPAL05,5,3,6,1,4
1CRGJRJ11,2,2,2,2,4
1CRHRJUD04,2,1,5,1,9
1FNSUL23,4,2,15,5,7
1FNKOL158,3,10,10,9,5
1RDDPUN21,7,6,19,9,12
1FNKSH06,3,4,0,3,2
1CRGJAH48,6,2,5,10,9
1RDNAHM17,3,3,5,0,0
1CRRJSK02,16,26,36,9,23
1FNJDP34,4,3,0,2,3
1RDNKAN15,4,1,2,1,0
1FNSUL11,2,0,5,2,8
1RDDVAR16,8,12,0,10,8
1CRGJKH04,3,10,1,19,25
1FNJAI136,12,3,0,0,0
1FNAJM62,6,11,1,0,0
1FNBHL13,4,3,3,0,0
1FDTRP02,6,1,2,3,0
1FNAHM148,13,7,9,1,1
1FNCHT23,4,0,0,0,5
1CRHUPAL09,5,2,2,1,2
1FNANA40,5,5,4,13,0
1FDNDA04,8,11,3,8,12
1FNFTP06,5,9,7,5,12
1RDNKAN20,3,6,0,0,0
1CRMHMU27,6,6,2,14,5
1RDDLUC09,12,12,12,5,0
1FWALD132,1,3,1,0,1
1FDBOM214,3,8,4,3,3
1FDBBM02,1,7,4,0,0
1FNJDP23,5,6,4,11,5
1FNRBL19,4,0,2,0,0
1RDNALD10,11,8,7,9,10
1RDWJNP03,2,1,17,5,7
1FNUDP34,5,1,10,0,2
1FNSUL07,10,2,2,3,8
1FNCHT11,2,2,11,11,13
1FNBHL18,4,2,2,6,1
1RDNAHM18,4,1,4,3,7
1FNMRD10,3,7,1,0,5
1FNANA20,8,6,3,7,6
1RDNJAI17,1,0,0,6,1
1CRUPLK05,5,13,5,5,7
1FDKAN158,7,8,12,14,2
1FNPGS06,3,0,2,7,1
1FNAZM07,7,3,0,6,4
1RDWJAI42,5,3,8,22,7
1FNBST06,9,9,5,8,3
1FDBOM361,4,2,9,8,6
1FDBOM259,4,0,0,0,0
1FNSBK13,4,0,0,3,6
1CRRJJW01,5,0,0,4,3
1FNBOM91,8,4,2,5,5
1RDNAJM05,9,6,7,10,2
1RDDHMP01,9,0,3,6,11
1FNJDP33,3,1,0,1,1
1RDDFZB02,14,12,11,10,10
1FNKSH07,1,6,7,8,13
1FNTNK14,4,12,1,2,1
1FDBND18,4,4,0,5,2
1FNDUN15,5,0,1,3,2
1FNBIK26,6,2,4,0,2
1FNHAN03,1,1,1,2,3
1FNCHU15,6,7,5,7,7
1RDWKOL66,4,5,2,1,2
1RDNRAJ07,11,1,9,8,1
1RDDMUM41,3,4,8,4,4
1FNLUC60,5,4,15,7,6
1FDBOM349,8,7,13,8,7
1FNBIK06,4,1,0,2,3
1FDBOT01,2,5,1,0,1
1FDBOM120,13,14,7,9,8
1FNTNK08,8,3,1,7,4
1FNKOL200,3,3,3,3,8
1RDNMEH02,4,1,0,2,5
1RDNAHM59,10,1,1,0,5
1FNKOL75,2,17,2,3,3
1FNPTN10,11,0,0,2,3
1FDKOT28,11,6,5,4,2
1RDNJAI06,7,0,1,5,5
1CRHRJAJ01,5,6,8,8,11
1FNHAN01,2,7,6,3,4
1FNBNW14,8,2,4,2,1
1FNHOG04,2,0,2,0,1
1FDBNG02,9,11,0,2,2
1FNJHU01,7,0,2,2,1
1CRGJMS03,5,4,5,9,8
1RDNAHM07,5,2,0,0,1
1CRMHMU506,7,9,20,9,7
1FNBAN02,11,3,7,3,2
1RDNAJM01,2,2,4,8,4
1CRMHTH05,4,3,5,21,13
1FNBAN05,5,1,0,5,11
1CRGJAM01,3,1,0,6,10
1CRMHMU02,3,3,6,9,5
1FNKCC08,4,7,3,0,3
1FNALD120,6,3,2,2,1
1FNAHM82,6,7,2,3,2
1CRGJRJ08,3,3,4,4,9
1RDDMUM51,7,2,0,0,0
1FNKHD40,2,3,2,4,2
1CRMHMU31,24,11,2,7,20
1FDRGD40,8,5,8,7,3
1FNBOM86,5,0,0,0,0
1FNAJM74,7,0,1,0,5
1FNGDH12,3,0,3,2,7
1FDJAI74,7,4,3,6,4
1FDBOM115,1,4,9,1,0
1RDWPTP04,9,16,19,15,13
1FNFTP09,5,9,15,10,12
1RDNGZP03,4,5,6,3,0
1FDBOM03,1,0,0,0,0
1FDBHT12,2,5,1,2,4
1FNPTN18,4,3,2,3,5
1RDWBOM54,1,3,0,1,3
1FDRGH28,4,3,5,7,2
1FNJPG03,6,3,0,2,0
1RDNAHM04,7,2,8,3,7
1FDAHM172,7,10,12,3,9
1FNJAI51,10,5,2,1,1
1FDBOM179,6,7,1,9,5
1FNKMR09,1,0,0,0,1
1FDUDP46,3,3,3,4,3
1FNKHD44,2,4,1,4,4
1FNMRD13,2,1,2,0,0
1CRUPLK11,7,2,6,2,7
1CRMHMU41,7,7,13,12,11
1RDWVAR30,7,11,15,17,5
1FDBOM191,4,0,2,5,9
1RDNNAD02,13,9,6,3,0
1FNANA69,7,5,5,6,4
1RDWSTP02,2,10,14,10,10
1FDBOM151,8,8,2,2,19
1CRRJCH02,5,4,3,8,15
1FNABN43,9,12,6,7,6
1FNGZP07,4,8,9,2,7
1FNBAL06,12,5,8,4,4
1FNMRD08,1,0,4,2,2
1FNCSM05,1,3,2,18,7
1RDDMUM34,2,2,3,10,3
1CRUPVA06,7,7,10,5,14
1FNJLO06,4,10,1,8,10
1FNDUN08,4,0,3,8,1
1FDALW11,4,3,1,5,3
1FNBNW26,5,11,4,5,8
1FNBIK12,5,2,3,0,2
1RDDMUM81,4,0,0,0,0
1FNKCC01,1,0,0,0,1
2CRGJKH11,5,2,3,2,5
1FNJAI48,7,4,3,0,0
1FDBOM240,11,15,15,8,2
1FNBNW07,6,8,8,22,4
1CRHRJAJ02,8,6,5,4,5
1RDNJAI11,5,8,3,0,5
1FDSIK19,14,1,8,5,14
1FNTNK15,2,9,8,9,20
1CRUPAB02,8,9,9,8,26
1CRUPKN09,4,3,7,6,9
1CRMHTH20,6,0,5,2,5
1RDWLUC43,3,5,9,4,6
1FDCHT18,5,0,0,0,1
1FNKOL76,6,1,7,4,4
1RDDMUM66,5,9,8,2,1
1FDKOL182,1,5,2,5,11
1FNJDP66,5,11,5,1,6
1FDUDP22,1,8,3,2,3
1CRRJAL03,4,5,6,7,7
1FDAHM176,3,7,8,3,7
1FDAHM180,4,3,0,4,15
1CRMHMU505,5,20,12,11,15
1FDJAI125,6,8,3,7,0
1RDNKOL45,10,14,4,13,11
1FNVAR49,2,0,2,9,2
1FNAHM119,8,5,2,3,2
1FDBOM338,6,2,3,7,2
1FNHAO02,7,17,9,8,9
1RDNUDP10,5,3,1,8,8
1FDBOM216,6,7,8,3,1
1CRRJUD01,4,6,10,14,10
1FDKOL187,9,2,1,2,8
1FNKOL108,3,11,2,4,0
1FNKOL223,5,4,4,3,2
1FDBOM254,5,6,6,0,0
1CRMHMU35,4,1,3,8,5
1FNVAR81,2,7,4,6,5
1FDAJM31,4,3,3,5,2
1RDWUDP14,6,2,4,1,2
1FNAJM38,3,0,7,4,9
1RDWBDN02,2,3,3,1,3
1RDDAHM86,4,3,8,8,4
1CRUPKN11,2,4,0,8,9
1FNUDP37,4,4,7,4,7
1FDSNP02,7,11,5,4,3
1FDJMG34,1,3,3,0,0
1CRHUPFZ01,5,3,2,4,1
1FNRBL45,6,1,6,0,4
1FDBOM390,6,2,6,3,5
1FDCHT19,3,5,4,1,1
1RDNKOL29,4,6,2,2,2
1FNKHD23,3,3,1,1,1
1FNANA67,2,7,1,3,5
1RDNMEH09,1,2,2,0,1
1FDKOL60,5,9,13,2,0
1FDAJM24,6,0,0,0,0
1FDALW10,12,5,2,4,2
1RDNGKP03,2,4,3,3,3
1RDDALD06,4,6,10,7,20
1FNPNN01,6,2,4,1,6
3CRUPGR01,9,4,11,10,10
1RDNANA05,7,1,3,3,4
1RDNAHM32,5,3,0,1,0
1FWTNA02,6,6,2,0,0
1RDNJAI24,5,17,13,1,4
2CRWBKL08,8,5,19,9,5
1CRHUPKA02,4,5,5,3,3
1FNBDN04,5,4,3,2,11
1FNCHU06,16,9,10,6,2
1FNBIK28,2,0,0,0,0
1FNGGN01,2,2,0,2,8
1FNJHU08,1,2,2,6,4
1FNKAN150,2,3,5,9,3
1FNDAU20,1,0,0,0,0
1FNKOL146,6,9,6,5,12
1FNALD113,4,10,11,18,13
1FNPGS02,6,9,11,7,8
3CRRJBK04,2,3,5,16,18
1FNABN12,10,10,0,4,6
1RDNBIK01,6,7,6,2,5
1DBA09101,6,9,4,7,5
1CRHUPLU05,3,0,5,4,1
1FNVAR60,6,5,4,2,5
1FDBOM105,3,1,4,8,1
1CRGJAH08,7,9,7,8,8
1CRGJRJ10,3,5,2,7,8
1FNKOL175,6,2,1,4,4
1FNPTP16,5,4,6,4,3
1FNALW22,8,9,0,1,5
1RDNLUC34,3,0,3,2,2
1FNKRI14,2,4,0,0,7
1RDWBBN01,4,2,3,2,1
1FNJMG38,10,5,3,4,4
1RDDALD03,3,10,7,17,14
1FNKRI03,4,2,3,0,0
1FNDEO04,3,2,8,9,11
1FNHAN16,6,0,1,1,5
1FNJUN16,3,1,0,1,0
1FNFTP40,3,14,8,1,1
1FNJMG28,2,4,1,4,2
1FDBOM181,2,2,10,3,5
1FNJAI121,11,0,0,0,0
1CRMHMU39,9,9,8,19,15
1CRRJJP13,7,0,0,0,0
1FDBOM196,6,3,2,0,6
1FNRVN04,9,0,6,1,2
1RDNRAJ01,1,1,4,3,1
1FNKOL96,4,3,11,0,3
1FNBHR05,14,13,0,8,6
1FNBHR04,7,11,0,5,4
1FNSUL31,2,1,0,2,1
1FDKCC18,2,0,0,0,0
1CRGJAH05,3,2,11,16,11
1FNKOL203,2,4,3,7,7
1CRRJBP05,7,2,5,20,21
1FDSKN02,7,9,10,14,13
1DBA07881,4,1,3,1,15
1FNANA64,1,4,4,6,7
1RDWMEH14,5,16,19,23,25
1CRRJJW02,7,6,10,8,4
1FNALD66,4,2,1,0,7
1FNALD94,6,6,2,15,9
1FNANA58,6,5,0,0,0
1RDWKOL72,2,5,1,2,4
1RDNHLD01,3,0,2,4,4
1FNJAI111,4,0,0,1,3
1CRMHMU57,3,6,8,9,1
1FNFTP19,4,0,5,4,5
1FDKOL191,1,3,1,3,3
1FNSBK12,2,2,9,4,1
1FNKRI02,3,1,3,3,8
1FNJAI106,1,0,0,3,0
1FNVAR71,6,3,3,0,5
1FNRAJ64,1,1,0,0,1
1FNFTP26,4,13,5,2,0
1FWMEH51,4,0,14,0,0
1CRHUPVA08,1,3,12,12,15
1RDWLUC46,5,4,11,2,1
1FNABN28,3,1,0,7,6
1FNKSH29,5,3,3,0,1
1RDWALW05,2,3,2,1,3
1CRWBKL13,6,3,3,6,3
1FNJAI97,9,1,3,2,3
1FNBOM63,5,0,0,0,4
1FNKAN47,3,5,0,0,3
1CRGJAH16,21,16,21,21,15
1CRRJJP10,4,5,7,11,14
1CRGJSK03,4,6,7,9,8
1FNSVR01,11,12,0,5,3
1RDDMUM88,2,0,0,5,0
1RDNKOL20,8,1,2,3,3
1FNAHM138,4,0,2,0,2
1RDDMUM07,6,4,6,1,1
1FNBNK10,6,4,1,4,4
1FNMEH20,3,0,1,2,1
1FNRAJ29,2,0,0,0,2
1FNBOM81,2,7,2,0,4
1FDJLO03,5,2,0,0,0
1FNFTP20,8,0,0,4,6
1FDAZM10,5,9,3,6,2
1FNUDP56,2,4,2,1,0
1FNSAN08,1,5,1,4,1
1FNALD50,3,5,5,3,2
1RDWDUN01,2,2,2,8,11
1FNFTP22,6,5,3,2,6
1FNSBK03,3,1,3,2,3
1RDNJSL01,4,1,0,3,2
1FNPSS08,6,1,5,2,4
1CRMHMU55,2,1,2,3,13
1FNKRI12,4,3,8,15,2
1RDWCSM01,5,4,0,4,0
1RDNJMG08,1,0,2,5,2
1FNUDP60,1,2,3,1,2
1FNAHM02,2,3,0,0,0
1RDNNAD01,1,8,1,0,7
1FNUDP57,4,1,3,2,2
1CRMHMU34,4,5,1,0,7
1FNFTP33,7,16,7,5,11
1RDWKAN24,11,1,6,6,10
1FNRAJ21,3,9,3,6,1
1FNPTP32,5,1,3,1,4
1FDKOL141,4,6,4,2,5
2CRRJDP02,2,3,3,12,14
1FNBNW17,3,13,6,13,24
1FNJDP55,1,0,4,2,3
1FNAHM154,4,3,9,5,3
1FNKOL81,7,0,0,1,4
1FNMEH40,1,0,0,0,0
1CRUPLK503,7,11,9,9,20
1FNAMT07,11,4,3,4,8
1RDWUDP13,6,6,4,5,9
1FNKOL211,2,0,0,0,0
1FNTNK05,2,7,3,0,0
1FNSUL36,1,2,3,0,3
1CRGJAM02,3,6,10,7,11
1FDKAN170,3,4,1,1,8
1FNALD74,3,4,3,2,2
1FNMRD11,3,1,3,0,1
1CRHGJAH04,3,3,5,5,8
1FNLUC114,4,9,4,9,3
1FNBHT17,1,7,0,6,6
1FNUNO09,4,5,7,1,5
1CRUPKN16,6,3,0,6,17
1FNGZP04,7,6,13,10,7
1FNVAR54,4,1,1,3,3
1FNKAN62,2,1,1,1,4
1FDBOM152,3,6,5,6,4
1FNFZB33,9,5,1,1,0
1RDDAHM39,2,0,6,5,4
1FDBOM401,3,13,13,2,1
1CRMHMU510,3,6,5,3,7
1CRMHTH38,3,5,2,3,4
1FNLUC69,2,4,1,1,1
1FNKSH08,3,13,12,6,1
1FNDIM04,3,2,0,0,0
1FNSIK05,4,4,3,7,11
1FNKOL109,2,4,1,2,1
1RDWABN04,3,8,13,9,16
1RDNTRP01,5,0,3,2,2
1FNBDN28,4,3,3,0,3
1FNBST03,5,6,5,6,11
1FDJAI135,5,5,9,9,6
1FDBOM410,4,15,15,4,2
1FNJLR09,6,0,2,3,1
1FNKOL95,3,1,0,0,3
1FDKAN166,3,5,7,5,9
1CRRJDA04,3,2,7,8,7
1RDDMUM22,5,4,9,7,12
1FNALD29,3,12,5,6,13
1FNLUC82,5,2,3,6,7
1FNSBK05,9,0,0,0,0
1FNAMT09,6,9,2,7,1
1FNMDP06,3,16,10,1,1
1FNKAN133,4,3,4,4,8
1FWAHM196,9,2,0,0,1
1FNVAR35,3,2,2,1,0
1FNGKP06,2,1,8,9,15
1RDWKAN28,12,16,11,17,13
1CRGJJM05,10,7,1,0,0
1FNVAR15,7,6,7,1,4
1FNDUN19,10,4,7,1,3
1FNRBL12,5,3,2,5,11
1FNKOL214,3,4,4,6,3
1FNKAN105,3,1,0,2,0
1CRHUPKA07,8,8,10,1,8
1RDDMUM09,2,2,4,13,5
1FNKRI16,3,5,8,3,7
1FDBOM106,15,10,13,19,20
1FNFTP38,1,1,4,7,2
1RDDVAR07,5,11,21,0,3
1FNSBK11,1,1,0,2,3
1FNAHM118,7,3,0,0,0
1FNRAJ69,1,1,0,0,0
1RDNBEH01,4,5,4,4,13
3CRRJCU06,2,3,5,19,15
1FNKAN32,5,7,4,1,5
1FNJLR08,4,3,1,7,3
1CRGJAH25,8,9,20,26,12
1FNMIR08,1,2,2,7,0
1CRMHMU58,5,6,4,2,15
1RDDJAI03,7,6,4,4,3
1FNJAI114,2,5,6,1,1
1FWTNA04,3,8,0,0,0
1RDNKOL19,1,4,5,0,1
1FNBHR08,4,5,4,4,3
1RDNVMG01,8,16,2,5,2
1FNSBK18,2,2,0,2,6
1FDBIK38,2,3,1,5,8
3CRRJJH07,5,9,5,6,10
1FDBOM239,4,0,0,0,0
1FNALD76,3,3,4,6,2
1FNMEH36,9,7,3,2,1
1DBA03311,7,6,8,7,8
1CRRJJH12,6,3,14,8,21
1CRWBKL18,2,6,3,7,11
1CRGJAN02,4,7,13,9,7
1DBA03051,1,2,0,2,7
1VD704901,6,10,5,7,7
1FNBHL28,2,1,1,0,0
1FNKOT20,7,2,1,0,0
1FDBOM277,10,3,4,7,11
1FNVAR59,2,4,9,6,3
2CRWBKL09,8,4,10,4,15
1FDAHM175,4,2,5,5,4
1FDJLR03,2,5,5,4,7
1FNAHM66,2,0,0,0,0
1CRHUPLU07,3,5,3,1,4
1FNBIK52,3,5,0,1,2
1FNRVN06,10,6,8,2,8
1FDKUT12,4,8,6,3,5
1CRGJSN01,6,5,7,7,3
1FNMRD18,2,6,3,1,6
1CRHRJBH02,6,4,2,4,0
1FDJDP22,17,12,6,8,4
1FDAJM43,3,1,9,10,15
1FNAMT30,1,1,4,4,3
1FNVAR93,4,5,1,1,4
1FDRGH14,13,17,9,9,9
1CRWBKL03,9,8,12,9,7
1RDDMUM76,4,4,1,1,0
1FNAJM69,2,2,4,1,1
1CRMHTH35,5,3,2,4,1
1CRGJAH07,3,9,20,19,12
1FDBOM112,8,4,0,0,0
1RDDKAN02,5,13,3,2,14
1FNUDP20,3,1,2,0,1
1FNKAN61,5,4,8,6,1
1CRGJMS01,8,7,7,14,15
1CRRJJH06,1,0,2,2,2
1RDNKOL56,2,7,2,2,6
1RDDVAR11,13,18,28,18,17
1CRHRJBH01,2,5,5,2,5
1FNSUL21,3,5,8,4,1
1FNSUL46,5,0,0,0,0
1FNRVN05,7,2,4,15,3
1RDWALD16,6,10,2,7,3
1FNKHD49,5,2,0,3,1
1CRHRJKO04,5,5,2,1,5
1FNUDP53,1,2,0,0,1
1FDRAJ67,1,0,0,2,1
1FNBHR02,6,13,2,4,7
2CRMHMU82,1,2,2,3,3
1FNDUN13,5,8,9,2,8
1RDNALD08,2,1,2,4,0
1FNJAI44,2,3,4,6,0
1FDBOM247,2,2,0,0,0
1RDWJAI37,9,12,0,1,2
1FDBOM258,5,0,0,0,0
1CRMHTH23,8,21,5,7,8
1RDDMUM01,2,4,10,4,12
1RDWALD19,4,5,6,7,8
1FNABN37,2,2,0,4,6
1CRHUPLU06,2,1,5,8,3
1CRHRJKO01,1,3,3,1,3
1CRMHMU11,2,1,1,1,1
1RDNPAL01,2,0,10,12,8
1FNSTP05,6,8,16,10,4
1FNKHD48,6,4,5,6,3
1CRGJGN02,3,5,4,4,7
1FDKOT25,5,11,6,0,0
1FNBDN05,2,1,0,1,4
1CRGJKA07,4,8,6,17,3
1FNGKP09,7,2,0,2,0
1FNALD131,13,11,11,10,6
1FNALD85,2,6,2,6,3
1RDNAHM19,6,2,3,2,1
1FNAHM216,2,2,2,5,5
1RDNJAI10,4,2,3,10,4
1FDAJM26,8,5,3,10,16
1RDNKOL10,9,5,3,3,2
1CRRJBP02,3,1,0,5,3
1FNNGU06,4,11,2,0,3
1CRRJCH01,16,8,14,10,10
1FNCHT13,4,1,0,0,8
1CRMHMU501,3,7,18,4,39
1FNALD121,7,0,2,13,13
1FDKUT21,7,0,0,0,0
1FNHAO03,2,1,0,0,2
1FNSDR17,2,2,3,3,1
1FNAJM34,2,2,3,3,5
1FNSIK12,6,4,3,6,0
1FNKHD27,2,5,6,3,1
1FDSBS02,5,8,10,2,2
1FNKAN109,9,5,7,3,6
1FNNOR03,9,8,5,1,1
1CRWBPN02,1,2,1,6,2
1RDNMHG01,2,1,2,0,1
1FDSRO02,1,1,0,0,0
1FNGND02,10,7,1,5,6
1FDBOM381,6,3,6,0,0
1FNKOL135,3,3,3,1,3
1FNKOL201,4,1,0,1,6
1RDDMUM14,2,3,0,0,0
1RDNKOL12,6,2,8,9,11
1FDBOM113,3,2,3,4,4
1FNHAO08,4,6,3,2,2
1FNPTP47,3,6,1,5,2
1RDDMUM10,8,9,13,6,2
1CRHGJME01,11,7,15,20,26
1FNVAR78,5,7,1,0,1
1RDWBNS01,2,6,5,13,7
1FWKOL235,6,4,14,8,28
1FDKOL125,7,5,1,0,1
1FNKOL210,4,1,0,0,1
1FNKOL83,8,6,4,2,0
1FNJAI52,7,8,8,9,5
1FNBOM77,2,0,4,2,1
1RDWBOM31,3,6,0,9,3
1CRMHMU54,3,5,14,3,3
1FDBOM392,5,1,3,0,0
1RDNMUM44,3,1,8,1,2
1FNMRD04,6,3,3,5,4
1CRWBKL11,1,4,6,6,3
1FNDAU03,2,1,2,5,1
1FNSOU02,3,0,8,4,1
1FNKHD60,2,3,2,1,0
1FDBDN19,5,4,2,3,0
1FNKMR06,10,3,6,1,3
1CRRJJH13,6,3,2,26,23
1FNLUC118,5,5,3,4,4
1FNALD95,3,6,2,2,2
1RDWLUC45,6,11,17,11,10
1FWBSK05,7,5,8,0,4
1RNNJDP01,3,10,5,5,9
1CRRJCU05,2,3,5,12,11
1FNLUC101,10,7,9,16,17
1CRMHMU12,6,15,23,15,14
1FNVAR84,3,1,0,0,1
1FNSIK15,2,0,0,0,0
1FNJAI91,6,5,8,7,11
1RDDMUM37,3,0,10,6,11
1FNALD126,1,2,0,3,20
1FDKOL186,2,3,6,2,5
1FNBRF03,7,9,0,1,0
1FDBOM204,8,2,2,12,2
1RDNKOL18,2,0,4,9,4
1FNMRD16,5,10,0,1,2
1FNALD72,1,4,7,3,0
1FNKOL115,3,3,1,1,1
1FNRBL20,7,17,7,8,10
1FDBOM212,5,3,0,5,7
1FNALD116,4,1,6,26,18
1RDNALW03,4,7,0,3,3
1FNSBK16,4,1,3,2,3
1RDNBOM08,2,0,2,1,0
1CRRJPA05,6,9,8,7,7
1FDKOL122,3,1,6,0,3
1FNSIK07,2,3,1,2,1
1CRMHMU20,5,8,9,22,30
1RDNTZP01,3,3,1,1,0
1FNRBL13,5,4,2,8,11
1FNBHP03,2,5,0,5,4
1FNVAR90,1,2,4,3,1
1FNVAR41,5,3,8,3,5
1CRGJKH08,4,4,2,7,3
1FDGGN14,2,0,4,2,4
1FNAHM71,4,2,3,1,8
1RDNJHT01,6,0,0,1,0
1FNGKP15,10,1,0,4,1
1RDDKAN03,3,6,4,7,5
1FNBOM88,2,5,4,3,4
1CRMHMU76,3,2,5,4,6
1FNKAN74,19,11,3,3,6
1RDWMEH15,3,7,5,4,1
1RDNMEH08,2,0,1,1,2
1FNJHT02,8,7,0,0,1
1FNKOT52,2,0,1,4,3
1FDKOL173,8,5,8,4,0
1FWKOL230,2,6,0,8,5
1FNBNW19,3,4,0,0,2
1RDWBBM01,4,5,4,3,2
1FNKAN179,5,0,6,5,33
1FDKAN169,9,6,3,7,3
1FDCHU19,1,8,2,0,0
1FNALD75,6,6,0,4,0
1FNBHT06,3,3,5,7,4
1CRRJRS01,5,9,14,11,34
1FNJAI55,5,1,7,5,5
1RDWJAI36,1,2,6,8,6
1FNKOT45,2,3,7,5,1
1FNALD59,5,7,3,3,7
1FDBDN20,2,6,4,4,3
1FNKAN55,6,13,5,3,4
1FNJDP71,7,1,0,1,0
1FNBHR09,1,4,3,4,4
1FNPTP43,1,5,1,8,6
1CRUPVA501,4,12,11,6,8
1CRHUPVA01,1,4,1,0,1
1FNBBN09,2,1,0,4,0
1FNSUL49,5,0,6,1,3
1CRRJAJ08,5,4,3,19,21
1FNCSM04,5,1,0,2,1
1RDDMUM27,3,1,5,1,3
1FDBOM419,3,6,1,0,2
3CRRJHG03,9,8,6,4,4
1FNJMG29,4,7,0,2,2
1FDKOT18,2,1,1,1,3
1FNJMG19,5,0,7,0,3
1FNKOL245,3,2,5,1,18
1RDNJMG09,2,1,1,0,3
1FNJLR12,4,0,0,4,0
1FNBOM80,2,6,3,5,2
1FNAHM129,3,3,5,4,0
1FNAHM163,4,1,2,2,5
1FDESK02,9,15,19,8,6
1FNKHD10,1,5,0,0,0
1FNKAN51,2,9,4,1,3
1FDBOM231,6,0,0,0,0
1FNBHL20,2,1,3,0,1
1FNCHT10,2,1,0,0,1
1FNMEH41,1,1,2,1,0
1FNAJM81,1,3,3,0,5
1FNBOM117,10,0,7,6,12
1FDALW08,2,3,2,3,7
1CRRJJS01,12,4,12,18,13
1FDKOL178,1,3,2,0,0
1FNFTP41,3,8,6,5,2
1FNKAN137,5,15,3,1,4
1FNSUL41,2,5,3,1,2
1CRGJAN10,1,1,2,3,1
1CRMHTH25,3,8,5,11,3
1CRRJJP01,8,12,21,24,10
1FNKHD41,5,2,1,2,2
1FNALD57,2,2,1,3,2
1CRRJBK501,6,10,6,5,9
1RDNKOL06,1,2,1,4,1
1FNSUL15,5,8,10,7,5
1RDNBOM06,2,0,1,5,1
1FNDUN09,4,7,5,0,0
1FNKAM01,4,2,0,1,1
1FNMEH47,2,1,1,0,1
1FNKAN49,2,7,3,0,8
1FNBHR01,7,4,7,3,1
1FNSMD21,5,3,0,1,0
1RDWANA12,3,1,4,2,12
1FNSMD10,8,8,9,4,9
1FNAMT13,3,0,2,1,2
1VW732201,1,0,3,6,1
1FNRBL35,2,11,6,1,5
1FNHAN02,6,9,7,9,3
1RDNKOL37,1,3,3,1,0
1FNHAN07,1,3,1,0,7
1RDWRVN02,8,14,9,0,7
1FNKOL156,3,1,2,2,0
1FNJDP21,5,1,3,0,1
1FNKCC07,3,0,1,0,0
1FNALD133,5,6,3,1,0
1fnkot57,8,3,3,2,6
1RDDMUM18,2,0,0,0,0
1FNSUL17,4,1,0,0,2
1RDDMUM30,2,1,0,4,1
1FDKOL190,6,4,7,7,5
1FDBOM168,2,3,1,0,0
1FNJAI104,2,0,5,5,1
1FNABN29,1,12,8,0,0
1RDNKOL21,5,0,4,3,7
1FNKAN93,4,1,5,10,3
1FNKAN125,4,11,7,7,4
1FNJDP61,2,2,4,2,2
1FNALD89,3,7,13,4,5
1FDBDN08,3,6,11,2,0
1FNRBL23,1,7,2,1,1
1FNKAN146,16,1,5,1,11
1CRUPFP02,6,1,2,4,8
1FNAHM67,20,9,2,2,1
1CRGJJM04,3,3,1,5,13
2CRMHMU83,4,3,5,2,4
1FNKOT40,4,9,0,0,0
1FNJDP22,6,7,2,3,4
1FNRAJ70,2,0,4,1,0
1RDWTNK02,4,4,11,7,4
1CRMHMU48,3,4,4,4,2
1FNSMD14,3,8,13,9,27
1FNUDP47,2,6,9,11,7
2CRWBKL14,2,1,5,4,1
1FNPTN16,3,2,0,1,4
1FNBHL24,1,1,5,3,3
1FNKUT03,3,2,3,2,6
1FNBOM183,3,0,0,0,0
1FDCHT16,4,1,3,4,0
1DBA09061,2,0,0,1,0
1FDHAN14,3,0,5,4,0
1FNBOM84,1,5,3,1,4
1FWKOL231,7,3,7,3,3
1RDWVAR28,6,7,13,2,3
1FNLUC98,2,2,6,13,11
1FNJAI88,2,4,5,4,2
1FNJAI119,1,0,1,4,2
1FNJAI120,2,16,8,3,3
1FDJAI128,2,0,0,0,0
1FNJAI117,5,8,8,0,1
1CRMHMU79,11,3,2,14,14
1FNAHM108,6,11,6,2,15
1FDJAI133,6,5,3,3,11
1RDDJAI25,5,1,5,7,2
1FNJAI66,1,2,0,0,1
1FNJAI90,3,2,6,5,12
1FNGDH11,4,1,5,1,0
1FNASS01,11,0,0,1,0
1RDNJAI22,2,2,5,2,8
1FNBHT16,1,0,0,0,0
1FNBND10,5,2,13,10,13
1FNSIK04,2,1,1,4,2
1FNKOL97,3,4,6,5,1
1RDNTAL01,4,10,3,5,3
1FNJAI54,2,2,4,0,9
1FNJMG15,4,7,2,2,5
1FNKOT53,5,2,1,3,3
1RDDMUM26,9,11,4,13,11
3CRUPLK15,4,0,7,3,10
1RDNLUC31,9,0,3,1,3
1FNANA03,6,3,0,0,1
1FNJMG13,6,12,1,1,5
1FNKSH24,4,2,6,2,1
1FDRGH11,5,0,0,0,0
1FNPRL02,9,6,2,10,0
1FDBHL26,4,11,3,8,4
1FDBOM203,1,1,0,1,0
1CRGJKA03,4,5,5,10,14
1FNANA22,1,3,3,3,2
1FNBHP01,5,2,3,1,1
1FNPTP17,2,4,5,6,3
1DBA03301,1,6,2,10,5
1FNMRD06,9,7,4,6,4
1FNVAR82,5,2,23,19,11
1RDDMUM29,2,2,1,13,6
1FNJAI103,1,1,3,3,1
1RDNAHM37,3,0,1,13,7
1CRRJJP28,2,7,10,10,5
1FNJAI101,3,1,2,2,1
1CRRJTK02,2,16,17,23,26
1CRRJDH01,4,2,2,7,3
1FNGGN19,1,0,5,0,0
1CRMHMU67,4,2,8,1,3
1FNBNW20,6,0,9,5,9
1FNMAU05,4,9,2,2,2
1FNSUL47,5,3,0,0,4
1FDDAR02,10,6,4,1,5
1FNMRI01,2,2,1,0,0
1FDJMG25,11,18,13,9,6
1FDHAN09,3,0,0,0,0
1FNCHU13,2,6,7,1,0
1FNRAJ25,1,1,2,1,3
1CRRJJH04,3,1,7,6,6
1CRRJCU04,1,0,6,1,5
1FNHOG16,1,2,1,4,5
1FNSBK14,5,4,3,0,0
1RDWBOM24,3,8,6,6,1
1FNBOM89,7,1,2,2,3
1RDWGHT03,3,6,1,7,3
1CRMHMU05,8,20,19,13,14
1RDWVAR32,7,4,1,5,1
1FNKCC23,3,0,0,0,2
1FDTNK19,2,0,0,0,0
1FNDUN21,5,3,0,3,5
1FDKAN154,6,16,12,6,20
1FNKAN95,5,8,3,6,1
1CRRJBM04,4,5,2,10,12
1FNPTP44,9,1,6,10,4
1RDNBOM01,5,0,0,0,1
1FNSBK19,3,0,0,2,4
1FNSIK08,14,8,4,5,8
1FDBOM160,5,7,2,0,0
3CRRJBM03,7,7,5,8,12
1FNRAJ15,2,1,0,0,2
1FDBHL39,3,7,2,0,0
1FDBOM156,1,0,0,6,14
1FDBOM352,5,6,1,7,12
1FNGGN10,3,1,3,1,6
1FNBHL19,2,8,3,4,5
1FNCHU09,1,3,1,1,0
1FNUDP38,2,1,1,1,4
1CRRJJP20,5,8,7,11,14
1RDWJAI31,14,14,6,4,4
1FDGGN15,2,2,1,9,5
1RDDKOL49,1,4,8,2,1
1FDBKU03,2,4,0,0,7
1FNAMT36,5,7,8,10,8
1FNBRR03,3,4,7,3,1
1FNRBL29,2,15,17,0,4
1FNUDP52,1,2,4,4,0
1CRGJAN14,1,1,1,1,13
1FNLUC115,1,2,0,7,0
1FDBNK12,4,6,2,0,2
1FNBIK51,3,1,0,4,4
1RDNDWA01,2,2,3,5,2
1CRRJAL05,3,1,0,7,5
1CRGJAH21,11,7,9,9,5
1CRHRJUD03,4,2,5,3,5
1FNRSM06,2,2,6,10,5
1CRGJAH33,2,5,2,1,14
1FNJDP39,2,3,5,8,3
1FNLUC89,3,4,4,1,5
1CRRJBK01,12,21,13,9,15
1FNBNK03,7,4,1,4,8
1FNKOK01,10,2,1,0,0
1FNDUN05,11,9,3,4,8
1FNFZB34,4,2,0,1,5
1FNJDP20,5,3,2,5,2
1RDNJAI07,3,7,1,0,2
1FNDAU17,5,9,8,5,15
1FDBOM222,6,3,16,11,13
1RDNBOM07,4,1,0,0,0
1CRRJBL02,5,4,3,6,20
1FDDUN24,2,6,6,7,7
1FNBOM161,3,7,6,1,0
1FNUDP21,2,2,5,6,1
1CRRJJP02,10,9,14,7,22
1CRGJBV02,3,3,4,6,3
1FDAMR13,8,9,7,2,1
1FNBHT14,7,4,6,8,7
1RDNJMG04,3,6,1,2,3
1RDNUDP05,3,4,2,2,2
1FDJMG32,9,6,11,5,1
1FNMEH33,2,4,2,2,2
1FNHOG15,4,10,7,2,1
1RDWKOL68,1,3,0,1,2
1CRRJJO10,5,9,12,18,30
1CRRJJP23,10,12,4,4,5
1FNUNO05,5,12,7,4,5
1CRRJBR02,7,8,3,8,4
1FNLUC83,4,1,1,2,5
1FDBOM268,2,1,4,0,6
1FNBOM79,3,4,0,2,2
1FNPTP22,1,10,4,1,15
1FNJDP68,1,5,6,10,7
1FNAMR07,5,5,1,3,3
1FNLUC72,1,4,1,1,1
1FNKAN181,3,11,4,1,0
1FNJUN20,2,3,2,0,1
1FNJDP57,2,0,2,5,5
1FNKAN119,3,7,15,11,7
1CRHMHMU05,3,5,2,15,9
1FWAJM01,2,3,5,1,1
1RDDMUM93,2,8,2,13,8
1FNRAJ50,2,2,2,2,3
1RDDLUC06,7,7,4,13,10
1FNJAI98,3,2,5,0,5
1FNCHU04,1,1,2,1,0
1FDCHT14,1,3,0,5,3
1FDKOL166,3,1,3,2,5
1CRHUPLU09,3,0,3,3,13
1FNRAJ49,1,0,3,0,4
1FNABN30,1,9,3,4,2
1FNTNK25,2,5,9,2,10
1RDWKOL62,2,7,7,3,6
1FNAJM51,3,0,0,3,4
1CRHGJAN02,4,4,7,4,4
1DBA07841,3,1,3,2,6
1FNUDP31,3,4,4,3,0
1FNSIK03,2,7,0,3,3
1FNALD109,5,4,7,7,3
1FNVAR44,3,3,5,1,3
1FNLUC86,5,2,4,1,1
1FNFTP25,9,0,2,5,9
1FNKSH28,3,6,2,0,3
1FNLUC61,2,10,15,0,1
1FNKAN118,3,5,8,4,5
1CRRJJO02,8,6,18,16,22
1FNKAN126,7,0,4,1,1
1RDNALW01,7,7,10,2,9
1FDLUC107,6,10,10,6,8
1FNJHU02,4,3,6,2,1
1CRRJSM03,3,8,8,12,7
1FNBHI05,1,3,0,0,2
1FNPSS03,6,4,2,0,1
1RDWSBS01,1,6,2,3,3
1CRRJJH01,1,1,0,2,3
1FNJAI115,9,5,3,2,5
1FNBND25,7,8,4,1,1
1FNIME01,1,5,4,2,4
1RDDMUM70,5,5,8,5,2
1FNJAI64,2,1,0,0,2
1FNBOM76,1,0,5,0,2
1CRHMHMU03,4,6,7,13,15
1FDBHL33,3,5,11,7,3
1FNGDH05,3,5,4,8,11
1FNAHM104,4,3,4,3,9
1FNKHD04,3,4,0,0,1
1FNAHM135,2,1,0,3,0
1FNAHM77,1,8,0,10,1
1FNKCC13,2,2,1,0,0
1FDPUM02,2,6,10,5,3
1FNJHU19,3,2,2,3,6
1FNKMR14,4,2,9,2,1
1RDNAHM03,4,6,5,0,2
1FNMEH48,2,2,3,0,2
1RDWCSM02,1,2,2,6,10
1FNKHD42,1,1,2,1,3
1CRRJSM02,1,2,2,8,6
1FNJLR11,5,6,3,6,7
1FNFTP45,5,4,2,0,0
1FNKUT07,1,0,2,3,0
1RDNAMR01,3,0,1,5,9
1CRRJPA04,1,2,0,2,2
1RDWPLI02,2,4,5,5,1
1FNKHD53,4,0,1,4,2
1FDKAN161,9,16,16,20,14
1FNALD64,2,2,6,2,4
1RDNAHM34,2,2,6,1,0
1RDWAHM51,6,2,7,3,0
1FNLUC100,2,1,2,4,20
1FNKAN70,1,0,4,6,2
1FNABN32,1,6,5,2,9
1FNJDP40,1,4,2,5,5
1FNKCC12,4,0,0,0,0
1FNBLR01,4,4,6,5,6
1FNRGH03,11,0,5,1,3
1FNKCC03,1,2,0,0,0
1FDBOM417,1,5,8,8,3
1FDBOM386,6,2,2,5,1
1FNRAJ02,3,0,0,0,3
1CRRJJO04,4,6,14,18,20
1RDNSNE01,4,1,0,2,0
1FNANA01,3,0,0,2,2
1FNKHD29,7,1,4,1,0
1FNAJM66,5,5,1,1,0
1FNKHD28,2,3,1,0,0
1FNKHD43,1,2,1,2,1
1FWAHM206,2,1,0,1,0
1CRGJKA05,2,1,0,0,0
1FNUDP29,3,1,6,1,0
1FNCHT06,1,0,0,3,0
1FDJDP46,5,4,3,8,8
1FNDUN04,3,2,1,7,5
1CRUPLK04,3,3,11,8,15
1FNKOL120,2,0,0,0,0
1FNGDH03,2,3,7,2,4
1FNALD33,3,10,7,2,6
1FNJAI105,6,4,2,1,4
1CRMHTH18,2,2,5,3,6
1FNDUN17,2,5,0,2,1
1FNKOL243,2,2,1,2,3
1FNBNW10,3,8,13,2,5
1FNBNK01,4,8,8,5,6
1RDDAHM46,5,0,6,7,0
1RDDALD04,2,12,10,11,11
1FNALD127,5,1,4,2,6
1FNBOM218,5,7,6,0,2
1FNNGU03,2,0,1,0,1
1RDNRAJ10,5,13,1,0,3
1FNBIK54,6,2,6,0,2
1FNDUN14,8,3,6,19,5
1FNBST02,1,2,5,4,0
1CRRJJH05,3,4,5,2,6
1FNSMD05,1,4,0,2,3
1FDBOM234,2,4,11,10,2
1FNVAR75,1,2,4,5,2
1FNBHL10,1,1,3,3,3
1FDBOM377,5,1,0,0,0
1FDBOM280,1,0,0,0,0
1RDNJAI14,4,9,1,6,6
1FNBRM13,4,7,6,5,10
1FDBOM200,1,4,0,6,5
1CRGJAN13,3,4,4,8,6
1FNGGN16,3,7,6,3,9
1FNANA04,4,0,3,4,13
1FNALD112,3,9,4,5,5
1FNBHL32,2,0,2,10,0
1FNBHL22,6,2,3,0,2
1FNSMD04,5,0,5,1,1
1CRMHTH04,3,1,12,11,11
1FNAHM120,2,2,0,0,1
1FNAMT19,2,14,2,7,0
1RDDKOT02,3,0,0,0,0
1CRGJSN04,3,3,2,8,3
1FNRAJ34,2,0,0,5,1
1CRRJJP29,3,4,3,3,4
1FDCHT15,2,10,4,3,13
1FNKCC16,2,0,0,0,0
1FNKAN67,3,1,5,6,16
1CRRJJP27,6,8,11,13,14
1RDWAHM60,4,4,6,3,2
1CRGJKA08,2,0,0,6,9
1CRGJKA06,3,11,4,7,4
1FDAJM30,2,0,10,9,5
1FNKOT39,1,5,4,3,4
1RDNJAI18,1,2,3,2,3
1FDKOL192,3,4,3,2,5
1FDKOT29,1,0,0,0,0
1FNKOL80,2,2,0,0,1
1FNKSH16,1,3,6,5,4
1FNKOL151,1,3,5,1,0
1FNKOT42,3,2,3,3,6
1FNKAN177,4,5,6,4,3
1RDWBAN01,3,0,1,2,10
1FNPTP30,2,4,7,2,5
1RDNAHM24,4,0,0,0,1
1CRMHMU61,1,4,2,1,6
1FDBOM393,5,1,2,2,2
1RDNAHM35,1,4,5,0,2
1FNFTP23,2,8,4,7,1
1FNKMR04,6,2,3,2,2
1RDWALD22,3,22,5,16,16
1RDDAJM12,1,0,0,0,0
1FNUNO07,1,4,2,1,1
1FNKCC11,2,0,3,4,3
1FDBOM246,6,0,0,0,0
1CRRJBM02,2,11,13,14,19
1CRGJAH23,6,8,4,8,5
1RDNFTP02,3,10,3,6,1
1FNRSM13,3,3,1,0,1
1FDBOM249,4,10,0,0,0
1RDWKOL61,2,7,1,8,1
1FDBOM344,3,10,5,0,0
1RDDMUM21,4,2,4,9,5
1FNBHL42,1,0,0,4,0
1FDBHL31,3,4,4,4,2
1FNJDP29,1,3,0,8,0
1RDWLUC39,1,3,12,12,15
1FNVAR36,5,8,0,13,0
1FNJSL08,7,1,1,3,5
1FNBOM93,3,3,1,2,3
1FNMIR17,8,7,2,0,0
1FNBNW01,7,4,0,1,3
1RDWJAI32,2,8,5,1,15
1FNRAJ20,4,0,0,1,1
1FNBNW22,7,2,2,2,6
1FNGDH17,2,0,0,0,2
1FNPRU01,3,12,0,4,10
1FNSDR12,4,2,1,1,2
1FNSIK17,6,8,3,5,22
1FNAHM162,1,2,1,4,5
1FNRAJ40,2,2,1,1,0
1FDKOL164,1,0,0,0,0
1FNKAN59,4,2,0,0,0
1FNKAN48,3,0,1,1,1
1FNFZB19,4,6,2,6,8
1CRRJBK03,3,1,3,5,3
3CRRJJH08,3,7,13,4,8
1FNKAN121,2,0,7,6,5
1FNAJM68,1,1,2,1,0
1CRGJRJ15,3,3,4,9,1
1FNPLI11,3,4,0,0,1
1FWKOL232,2,3,1,1,0
1CRMHTH06,1,2,6,3,0
1FNKAN87,4,2,3,0,1
1FDJDP15,2,5,14,5,9
1FNMRD01,4,7,1,0,0
1FNAHM01,4,2,3,1,3
1FNBND05,1,4,3,4,0
1RDNBOM02,1,2,1,1,1
1FDDUN28,5,12,14,14,8
1CRUPVA03,8,9,8,18,11
1RDNCHT01,1,1,3,7,19
1FNRAJ41,1,9,3,4,1
1RDNJMG07,4,1,8,16,12
1FWKOL226,2,7,0,0,0
1FNBRM11,2,1,2,2,8
1CRRJPA02,2,5,3,4,3
1FDABN42,3,9,9,6,4
1RDWVAR26,3,13,15,16,11
1FNKOT55,5,9,2,2,1
1FDBOM237,1,7,3,0,1
1FNAJM75,4,3,1,5,9
1FNKAN135,4,5,4,9,5
1CRRJAJ09,2,5,3,4,8
1CRRJJP15,5,9,4,7,2
1CRMHTH10,6,10,6,8,18
1FNVAR34,3,3,2,6,2
1FNRBL22,1,3,9,5,6
1FNVAR92,2,15,6,5,4
1FNCHT05,2,3,13,7,8
1CRMHMU19,2,3,9,4,3
1FNSOM01,3,6,2,0,1
1FNJDP18,4,0,7,3,5
1FNDUN20,4,6,7,9,18
1FNSIK09,2,1,6,3,4
1CRMHTH16,3,0,0,0,0
1FNKMR05,2,0,3,2,1
1FNABN22,2,7,4,2,2
1FNSRO07,4,6,4,3,2
1FNRSM07,3,5,9,5,9
1FNARV02,1,5,5,5,7
1RDNNDW01,4,0,2,1,5
1RDDLUC01,2,19,16,14,10
1FDBOM133,3,6,6,7,0
1FDBKU02,10,3,1,2,0
1FNLUC71,3,4,1,0,3
1RDDAHM48,1,3,13,10,3
1FDJAI127,1,0,0,0,0
1FNBIK20,1,0,0,0,0
1FNSMD12,1,0,0,1,0
1FNKOH02,1,1,1,1,0
1FNPTP36,1,2,5,2,3
1FNBHL17,2,3,0,4,1
1FNAHM103,3,2,1,0,1
1FNRAJ65,2,4,3,2,0
1FNHAI01,3,4,1,0,1
1RDWRSM01,2,6,4,0,2
1FNDAK07,5,4,2,3,6
1FNSKN04,1,5,14,7,1
1FNBIK16,3,7,3,1,2
1FNBHA07,1,0,4,0,2
1FNKSH12,2,3,8,2,10
1FDBOM354,2,7,3,3,24
1FDBOM257,3,10,10,7,6
1FNBRR09,2,8,3,7,5
1FNBRR08,1,1,1,6,4
1FNBRR01,2,2,4,0,4
1RDWBOM36,2,6,8,4,3
1FNRAJ17,2,3,5,5,3
1FNBHL04,1,4,8,13,7
1FNMEH26,1,0,2,1,2
1FNBNW08,3,6,1,2,3
1RDDLUC33,6,16,15,15,7
1CRUPKN08,5,12,23,12,11
1CRHUPAL06,5,5,12,24,16
1CRGJAH18,2,9,7,7,5
1FNLUC78,1,2,1,0,6
1FNBHL29,1,0,1,2,5
1FNFTP35,1,0,1,2,2
1RDNALD15,4,0,2,1,3
1FNBIK15,1,0,0,1,1
1FNPTP37,2,6,11,4,1
1FNBBN08,1,1,3,3,0
1FNLUC81,5,3,4,0,1
1FWSDR15,2,2,0,0,0
1CRGJAH31,5,10,14,14,18
1FNALD28,3,0,2,0,4
1FDBOM167,3,6,9,4,0
1CRGJRJ07,8,24,21,11,12
1FNCAC05,3,5,1,1,1
1RDNKAL01,2,4,0,5,5
1RDNSHL03,1,6,1,1,4
1CRHUPVA03,1,2,4,6,6
1RDWTNK01,1,0,0,0,0
1RDNUDP04,2,1,3,2,2
1FNJDP52,2,0,0,3,2
1RDWBOM17,2,2,0,0,3
1FNRAJ52,3,0,0,12,9
1FNALD60,3,2,5,9,5
1FNBHP02,1,2,2,2,1
1FDBOM217,2,4,12,8,7
1FNBRR06,3,1,0,0,7
1CRRJJP36,8,13,17,27,21
1FNNDA05,6,4,16,6,1
1CRMHMU26,1,5,13,4,4
1FNBHL30,2,1,2,5,4
1FDKOL127,2,1,0,0,0
1FDBHL38,6,0,1,7,22
1CRMHMU04,3,3,8,16,3
1FNRAJ30,2,1,1,5,0
1FNRAJ51,6,0,0,0,2
1FNALD96,2,18,2,10,5
1FNJAI58,4,4,0,0,1
1FDESK01,5,4,5,2,6
1FNDUN25,4,10,1,1,5
1FNMEH35,2,1,1,1,1
1FNKOT46,2,3,5,11,2
1FNJUN21,2,0,2,0,4
1FNKAN114,2,1,4,4,11
1FNMRD17,5,7,2,0,0
1RDNAHM16,1,0,1,1,2
1FNNGU04,1,1,9,3,11
1FNDAR12,2,8,7,6,2
1RDNKOL42,2,0,3,2,0
1FNBOM62,1,1,0,3,4
1FWGGN17,1,0,3,2,1
1FNBHI09,1,0,0,2,6
1RDNJAI13,3,7,3,5,5
1FNMIR10,1,2,1,0,0
1FNDAU11,3,4,7,4,4
1FNUDP32,2,1,1,0,1
1FDBOM353,3,0,0,0,0
1CRMHTH12,1,10,7,7,10
1FNTNK27,1,3,2,6,3
1CRRJJS02,3,3,3,7,13
1CRGJKH06,1,2,3,4,6
1RDNMUM52,1,2,1,4,1
1FDBOM227,1,4,4,6,4
1RDNAHM26,2,0,2,0,0
1FNKSH17,2,2,3,5,2
1FNANA45,2,3,2,0,2
1CRMHTH14,2,0,2,9,10
1CRMHMU52,4,14,18,30,24
1RDNRAJ11,5,1,2,3,1
1RDWRBL05,1,2,8,3,4
1FNAJM64,2,0,0,2,0
1CRMHMU38,2,1,1,2,4
1RDNJDP09,3,4,1,1,12
1CRUPSU03,2,11,0,3,12
1FNALW07,2,4,2,4,1
1FNCAC02,3,0,0,1,2
1FNBIK47,3,2,0,1,0
1FDBOM163,3,0,6,8,7
1FNKAN37,4,3,5,1,22
1RDNBHJ01,3,7,9,3,7
1RDDMUM48,2,4,5,8,3
1CRGJAH36,1,3,6,6,2
1CRMHMU68,1,4,5,5,2
1FNBNW16,4,8,2,6,23
1FNGGN08,1,0,6,6,5
1FNJDP53,4,4,2,1,4
1FNKOL238,2,4,1,1,1
1FDBOM189,1,0,0,0,0
1FNAJM73,1,0,4,0,3
1RDNKOL50,3,1,0,3,2
1FNDUN30,4,4,4,4,7
1FNKOL240,1,0,6,0,1
1FNAHM161,1,3,5,13,2
1FNAJM37,1,2,9,12,7
1FNKOL105,1,0,0,3,1
1CRRJJP03,2,1,2,8,23
1FNKAN142,2,4,4,4,6
1RDNJAI16,2,4,6,0,6
1FNAHM123,1,2,2,1,4
1FNKAN134,3,2,13,14,6
1FNMEH25,1,0,1,0,0
1FNPTP41,2,2,10,7,2
1FDKOL170,5,3,1,0,6
1FDAHM183,3,0,0,0,0
1FNSBK10,2,0,1,1,0
1FNBOM188,1,3,3,2,7
1FNSIK11,5,3,1,1,6
1RDNAHM31,1,10,1,5,4
1CRHUPVA12,2,1,8,8,4
1RDNKOL55,2,1,2,2,2
1CRRJJP30,3,4,14,10,9
1FNGKP05,2,2,8,2,2
1CRGJPO01,3,4,8,13,4
1FNCHT12,2,1,5,3,9
1FNKOL148,2,1,4,4,3
1CRRJKO07,3,2,0,6,10
1FNKOL206,5,7,4,1,3
1RDWABN05,3,10,13,5,5
1RDDMUM58,1,6,7,4,9
1FDRGH21,5,10,11,11,6
1FNMHB03,1,3,3,3,10
1FNKOL91,1,0,2,0,0
1FNMIR11,1,0,0,1,0
1FNPTP28,4,2,3,4,11
1FNAMT04,2,1,1,6,5
1FNKAN66,2,3,1,2,0
1CRGJAN15,1,3,5,6,0
1FDKUT13,3,0,0,1,1
1FNJDP38,2,2,2,0,1
1FNMEH22,1,1,7,0,2
3CRRJJH09,1,1,3,3,11
1CRRJJP17,5,6,6,6,3
1CRRJJP04,6,13,11,16,18
1CRRJBR01,4,7,1,20,6
1FNBOM78,1,1,2,0,2
1FDSIK14,2,1,5,5,0
1CRHRJKO02,6,1,2,3,3
1FNPTP39,2,11,4,0,3
1FDUDP50,2,10,6,5,1
1RDNJAI04,2,5,2,2,1
1FNUDP58,3,0,0,0,0
1CRMHTH46,3,2,4,5,11
1FNKMR11,3,0,0,1,9
1FNBNW04,1,4,3,4,4
1FNKOL155,1,2,0,3,5
1FNGDH06,4,4,1,0,2
1CRRJPA03,4,20,19,8,3
1FNBAL08,2,0,0,0,10
1RDNALB01,1,10,7,2,5
1FWKOL229,3,7,7,14,8
1FDJDP20,8,7,9,11,5
1RDWMEH18,1,5,4,3,3
1FNNGU02,4,11,2,4,5
1FNAHM94,4,8,1,1,3
1CRMHTH15,2,3,1,2,8
1CRHUPLU04,1,3,2,3,22
1FNBND06,2,1,7,0,1
1FNJHU11,3,3,0,1,0
1FNMEH32,2,3,1,0,0
1FNFTP29,5,18,28,23,17
1FDBIK21,1,0,0,0,0
1FNRAJ03,1,2,2,2,4
1FDMHB02,1,5,7,4,5
1RDDMUM05,4,0,0,0,0
1FNRAJ42,1,1,2,1,4
1FDAHM144,4,15,4,1,6
1FNBOM66,1,5,8,12,14
1CRUPKN17,4,4,8,4,15
1FNAMR10,1,0,0,0,3
1FNKUT04,1,3,0,0,1
1FNLUC97,1,1,1,0,2
1FNKOL79,3,3,5,0,0
1CRGJAN08,1,3,4,12,5
1FNBND14,4,4,4,20,3
1RDDBAL01,1,18,19,15,22
1FDBOM272,3,0,0,0,0
1FNBHL23,1,6,0,1,0
1FNAHM159,1,4,1,2,4
1FNJDP60,1,3,7,5,4
1RDNJAI02,2,1,5,4,3
1FNNDA01,1,0,0,1,1
1FNAJM78,1,0,0,0,3
1RDNUDP02,4,0,7,0,4
1CRRJJP08,2,5,1,5,11
1FDPOR07,3,2,7,5,1
1FNGKP16,3,7,16,6,9
1CRHGJAN01,1,2,5,8,7
1FNSMD06,3,0,4,0,1
1RDNSIL04,1,2,2,3,1
1FDJUN16,5,5,1,2,2
1FNKOL82,3,9,1,3,2
1CRGJRJ04,2,0,4,2,4
1FWAHM191,1,2,2,0,0
1FNRBL25,2,5,0,1,3
1FNBAI01,1,2,0,3,0
1FNBNK11,1,3,8,6,6
1FDABN40,1,6,7,13,6
1FDBOM332,2,6,0,0,0
1CRWBKL501,1,4,7,7,9
1FNKOL87,2,0,0,0,2
1FNBNK13,1,1,3,0,2
1FNDAR01,1,5,0,0,0
1FDBOM297,2,5,4,3,2
1FDJAI69,2,4,6,3,5
1FDBOM293,3,2,9,13,4
1CRRJJP07,5,14,16,10,9
1RDWAHM58,4,6,0,0,0
1FNBIK08,4,7,4,5,6
1RDWALD18,1,4,3,1,4
1RDNJMG10,2,5,4,2,3
1FNSMD20,3,1,2,22,5
1FNGGN05,4,5,0,3,0
1FNVAR87,1,13,1,0,3
1FNBND11,3,1,2,2,1
1FNRAJ57,2,4,9,1,2
1FNGGN09,1,0,2,2,3
1FNKOT41,1,0,1,1,3
1FNRAJ38,1,2,1,2,2
1RDWAHM55,2,2,6,5,3
1FNUNO10,1,5,3,10,5
1FNGKP18,1,2,1,7,4
1FNAJM19,2,2,9,4,2
1CRRJJP25,1,0,4,5,11
1FNAHM132,1,2,1,0,5
1FNKOH03,3,1,0,2,1
1CRGJBK01,1,9,11,6,12
1RDNMEH06,2,0,1,2,4
1FNMRD02,3,2,0,0,9
1FNKOT48,3,0,0,2,6
1FDKUS03,4,25,7,4,16
1FDSMD16,1,5,4,1,2
1RDWVAR27,2,4,0,2,1
1FDBHL36,3,7,3,3,6
1RDDJAI21,2,3,0,3,2
1FNPLI06,3,8,2,8,4
1FDGAG01,1,4,0,0,0
1FDBOM378,2,2,4,10,7
1FNSMD09,1,1,2,5,5
1RDNALD11,2,5,8,10,6
1FNMEH45,1,1,0,0,1
1FNKRI06,1,0,2,3,4
1FNFTP43,1,0,3,6,1
1CRMHTH501,2,6,12,10,21
1RDNBRT01,1,1,0,0,3
1FNCHT04,3,3,9,0,19
1FNPSS02,1,7,14,0,6
1RDNBOM10,1,1,0,2,1
1FNAMT01,4,8,5,2,5
1RDDMUM60,1,6,2,7,5
1FNBOM184,1,3,1,0,0
1RDNNGN01,2,3,1,8,0
1FNAHM90,1,3,4,3,6
1CRGJJM06,4,13,1,4,2
1RDNAHM20,4,5,3,1,0
1CRUPLK17,1,5,4,6,18
1FNUDP59,2,5,3,0,5
1FNBRM06,1,3,2,1,1
1FDUDP24,2,3,1,5,5
1FNSMD18,1,3,3,1,0
1FNKOL157,2,5,11,10,11
1CRMHTH24,3,2,0,0,2
1FNSDR04,1,0,0,0,0
1FNKAN111,2,3,3,8,2
1FNBND02,1,1,0,2,0
1FNBIK03,5,6,3,4,11
1RDNBOM05,1,2,6,2,2
2CRMHMU59,2,8,3,13,2
1FDBOM395,1,10,15,4,5
1FNSBK09,1,4,2,1,1
1FDAHM168,1,5,7,9,17
1RDNBDN01,1,2,5,3,0
1FNPTP15,4,0,10,12,7
1RDNJDP04,4,7,0,4,3
1CRRJJL02,1,3,3,1,2
1FNARV01,1,0,5,1,0
1FNKOL93,2,6,2,3,0
1FNFTP30,2,5,1,0,3
1RDDPUN16,1,0,6,8,7
1FNBDN24,2,5,4,0,0
1FNJAI109,1,2,4,4,9
1RDNAJM07,1,3,1,1,1
1RDNAHM41,2,4,0,0,0
1FNGAN01,1,1,2,1,1
1FNMOK01,2,1,1,0,4
1RDWDEO01,2,10,0,2,4
1FWAHM194,1,0,0,1,2
1RDWBOM09,3,0,2,4,8
1FNABN08,4,3,6,5,1
1FNJDP69,1,1,2,2,3
1FDDAU21,1,7,6,8,8
1FNBNW25,2,1,2,4,2
1FWALD131,2,2,4,7,1
1FNPTP10,3,6,2,4,8
1RDWJDP13,1,2,2,5,3
1FNBND07,1,1,6,9,4
1RDDMUM06,1,1,3,1,0
1FNJDP67,1,9,3,1,9
1FNPTP29,3,5,2,3,7
1FNDAR06,2,7,8,4,2
1FNBIK55,1,0,0,0,1
1FNSNE05,1,8,9,9,14
1FNBOM73,1,2,0,3,0
1CRRJJP26,1,5,8,8,1
1FNUDP35,1,2,6,5,2
1FNJHU18,1,3,0,1,8
1FNPTP25,2,6,4,1,4
1FNKAN176,1,1,3,10,2
1FNAHM116,1,1,4,1,0
1FNKOL225,1,3,1,4,3
1FNPTP27,2,4,1,5,4
1FNALD97,1,13,2,1,2
1CRGJAN09,1,2,1,1,11
1FDAJM28,1,7,1,8,5
1FDBOM287,2,0,0,0,0
1FNAJM36,2,1,4,4,1
1FNJUN12,1,2,2,2,1
1FNRBL26,3,2,1,7,7
1FNRAJ28,2,6,0,3,0
1FNKOL77,1,8,4,3,5
1FNKAN110,2,5,1,7,5
1FNKAN54,1,4,2,1,1
1FNLUC68,3,5,0,7,8
1FNDAU10,3,5,10,5,10
1CRUPLK13,1,9,7,6,7
1RDNLUC29,2,5,4,12,7
1FNKOL198,1,2,1,2,5
1FNKOL104,1,4,8,4,8
1RDNBIK02,1,4,4,6,4
1FNAJM39,1,2,1,3,0
1FDNGU09,1,3,4,1,9
1FDAHM171,1,2,2,4,2
1CRMHMU65,1,8,2,2,4
1FDRGH16,1,7,5,4,9
1RDWBOM18,1,0,9,3,5
1FNLUC65,2,0,0,2,25
1FNSTP04,1,4,9,5,9
1FNAHM109,1,3,3,7,7
1FDBHL27,1,4,5,5,4
1FNBOM103,2,3,4,0,3
1FNCHT03,1,4,2,3,2
1FNKSH14,1,4,1,5,5
1FDBOM383,2,0,0,0,3
1RDNJMG06,1,2,6,5,0
1FNKCC05,1,0,1,0,0
1FNMIR16,1,8,3,9,0
1FDBOM150,1,3,3,2,1
1RDNGON01,1,1,3,1,1
1FNTNK10,1,0,0,11,0
1RDNMUM95,2,3,3,1,3
1FNAJM67,2,3,0,0,1
1RDNAHM40,1,1,5,1,3
1FNCHT09,1,2,0,5,4
1FNKAN107,1,2,2,2,1
1RDNUDP09,2,9,0,1,2
1FNAHM78,1,0,3,2,2
1CRGJAM03,1,5,4,1,0
1FNDAU18,1,1,1,0,0
1FNDAU05,1,3,0,2,4
1FNKOL239,1,8,4,4,2
1FNALD63,1,11,3,0,3
1FNVAR91,1,6,2,2,3
1FNBOM92,1,2,3,2,3
1FNKCC15,1,8,1,0,0
1FNDAU15,1,2,2,3,4
1CRGJAN01,1,2,5,12,9
1CRGJAN11,1,21,7,11,1
1FNLUC75,1,2,0,1,2
1VD703601,1,26,22,6,23
1FNCHT07,1,6,0,0,2
1RDWLUC23,1,11,22,4,6
1FNIMP02,0,3,1,0,4
1CRGJMB01,0,7,14,13,9
2CRUPLK03,0,24,9,7,10
1FNKOL128,0,1,0,0,3
1FNSIK10,0,1,3,5,2
1FNJAI152,0,3,2,5,0
1FNKAN122,0,4,6,11,5
1FNJUN23,0,6,0,6,0
1FNJLN02,0,10,11,5,2
1FNBHI10,0,10,2,1,4
1FNABN21,0,1,2,3,7
1FNMEH23,0,1,6,0,2
1FDKUT15,0,1,2,5,2
1RDDBWD01,0,14,18,19,27
1CRMHMU37,0,8,7,7,15
1FNBNK02,0,6,5,0,2
1FNKOL100,0,6,3,0,0
1RDWAHM52,0,3,2,3,4
1FNAMT27,0,6,9,0,4
1RDNKOL36,0,3,1,2,1
1FDBOM337,0,15,13,7,7
1RDNLUC21,0,2,1,1,4
1FNCHT21,0,6,9,3,9
1FWBDN25,0,10,6,2,1
1FDBOM318,0,2,0,0,0
1FNVAR39,0,18,0,0,3
1FNCHU05,0,5,1,0,2
1FNFZB30,0,2,2,11,6
1FNBOM100,0,4,4,6,10
1FNBOM101,0,4,4,2,4
1FNVAR38,0,2,0,0,3
1FNUDP43,0,4,2,3,1
1FNAMT22,0,8,6,11,5
1RDDMUM87,0,6,6,9,4
1FNJAI57,0,2,3,1,1
1FNAHM81,0,2,1,0,3
1RDNKOL46,0,3,0,0,0
1CRUPKN19,0,5,18,7,6
1CRUPKN10,0,13,9,15,13
1FNKOL130,0,4,9,7,8
1FNKOL78,0,2,2,0,1
1FNKOL99,0,2,3,3,6
1CRRJAJ05,0,4,7,6,9
1FNCTR04,0,4,1,1,3
1FNJDP70,0,2,2,0,2
1CRGJAH02,0,10,10,13,6
1FNPGS04,0,5,0,0,0
1RDNPTN03,0,3,3,0,1
1FNAHM155,0,1,6,6,2
1FNKAN41,0,10,9,1,14
1FDKOL165,0,2,3,4,1
1FDBOM375,0,8,4,0,0
1FNLUC90,0,7,4,2,1
1FNMHB04,0,5,7,5,4
1FNKAN36,0,9,3,2,1
1FNJAM13,0,3,0,1,3
1FDBOM398,0,10,6,0,0
1FDKMR11,0,5,3,0,3
1FNBHT18,0,10,5,8,7
1FNPTN15,0,5,4,0,0
1CRGJAH38,0,23,8,5,4
1FNKAN39,0,1,10,4,1
1FNPTP26,0,5,3,6,12
1FNGGN02,0,1,0,2,0
1FNUDP27,0,5,2,2,9
1FNVAR86,0,5,5,3,3
1FDBOM205,0,3,10,6,1
1RDDALD07,0,11,3,13,7
1RDDMUM86,0,4,8,5,0
1FNSBK06,0,7,4,7,9
1CRRJGA04,0,2,7,6,1
1FDBOM202,0,4,4,3,3
1FDPLI09,0,5,0,0,0
1RDNKOL11,0,2,18,7,4
1FDJDP28,0,9,0,0,0
1FNJAI87,0,4,6,1,0
1FNRAJ47,0,2,5,0,0
1CRUPLK14,0,4,12,19,7
1FNJUN14,0,11,2,3,0
1RDWAHM53,0,26,12,1,0
1FDBOM416,0,6,7,0,2
1FNJHU13,0,8,8,2,5
1FNSUL48,0,1,1,2,2
1RDDJAI28,0,5,3,1,3
1FNJHU04,0,2,15,32,17
1FNPTN11,0,5,10,5,2
1FNJMG30,0,3,2,2,2
1RDNAHM15,0,3,0,1,0
1FNHAN15,0,2,1,0,0
1FDJLR02,0,7,2,1,2
1RDNBHL01,0,8,4,3,7
1FNKCC06,0,4,0,4,3
1FNSHL06,0,2,1,2,0
1FNMDP05,0,3,0,2,1
1FNFTP39,0,6,3,2,1
1FDBOM382,0,9,2,0,0
1CRHUPLK01,0,11,19,1,4
1FDKHD03,0,3,0,4,6
1FNBBN05,0,1,2,7,4
1FNBND17,0,10,1,0,4
1FNKSH13,0,2,4,3,1
1CRRJJH02,0,1,2,1,2
1FNHAO07,0,2,1,0,3
1FNBNK08,0,2,5,3,5
1FDBIK31,0,6,8,8,3
1FDBNK14,0,6,4,11,6
1FNAHM107,0,3,0,0,0
1FDBOM341,0,3,3,7,0
1FNBNW06,0,7,4,0,1
1FDBOM412,0,5,2,2,9
1CRGJRJ17,0,7,1,3,0
1FNBIK13,0,1,1,2,2
1FNRAJ24,0,10,14,9,1
1RDWLUC47,0,7,4,10,7
1FNDUN26,0,8,4,4,4
1FNBDN26,0,1,0,1,3
1FNBHI06,0,2,3,0,1
1FNBNK04,0,2,4,0,8
1FNBHL11,0,1,1,0,0
1FNBHA02,0,2,3,0,0
3CRRJBK05,0,11,11,15,22
1FNKAN88,0,2,1,4,14
1CRHKOGI02,0,12,11,3,15
1FDBOM172,0,10,10,8,3
1FNAHM30,0,1,1,0,0
1FNJAI124,0,1,1,0,1
1FNAMT34,0,4,0,0,0
1CRRJAJ03,0,2,3,9,19
1FNALD87,0,5,8,2,0
1CRGJAH34,0,4,7,8,3
1FNKAN128,0,5,3,1,5
1FDBOM149,0,1,7,4,1
1FNAJM82,0,1,5,3,1
1RDNAMB01,0,5,2,3,1
1RDDAHM49,0,4,1,2,0
1FNDAU16,0,3,5,0,4
1FNJAI59,0,2,6,3,1
1FDRGH31,0,4,0,3,3
1FNAHM122,0,4,4,0,0
1RDWBOM45,0,1,0,2,3
1FDRSM11,0,5,1,3,6
1FDALW09,0,6,6,1,1
1FDBOM346,0,7,10,7,9
1FDBOM347,0,7,14,18,7
1FNDAR11,0,2,3,0,2
1FNAHM101,0,1,0,1,4
1FDAHM146,0,3,6,3,7
1RDNAJM10,0,4,2,1,2
1FNAHM128,0,4,1,0,0
1FNKHD16,0,2,2,5,0
1CRHUPKA01,0,3,7,3,6
1RDNKSH01,0,6,6,8,5
1RDWBOM34,0,2,2,3,8
1FDBHT10,0,6,3,9,5
1RDNAHM12,0,3,4,2,1
1RDNJAI08,0,3,2,0,4
1FNBNK06,0,4,1,1,0
1RDWBOM27,0,1,1,4,1
1FNSMD07,0,3,3,2,5
1FNANA68,0,4,3,3,1
1FNKRI09,0,8,9,4,1
1FNMEH01,0,4,7,2,6
1RDNJDP05,0,1,2,0,0
1FNRAJ33,0,1,0,0,0
1FNKSH11,0,5,15,3,3
1RDNALD14,0,8,6,2,7
1RDNKOL15,0,7,3,4,6
1FNALD99,0,1,3,6,4
1FNBDN16,0,7,4,3,4
1FNCTR03,0,3,1,6,0
1RDWCTR01,0,5,5,1,5
1RDWLUC52,0,9,5,4,0
1FNAMR05,0,2,0,2,2
1RDNMUM57,0,6,4,1,0
1RDWLUC40,0,5,2,5,3
1FNALD93,0,1,3,3,4
1FNCHU02,0,2,5,1,3
1FNBHL06,0,1,4,4,0
1FNBHI11,0,2,0,0,0
1FNBHI04,0,1,0,0,2
1FNJUN06,0,2,0,1,2
1RDWALD24,0,4,1,4,3
1FNJMG14,0,4,1,1,2
1RDNLUC30,0,4,2,0,0
1DBA16771,0,3,4,5,12
1FNAZM04,0,2,1,4,5
1RDWFZB04,0,7,4,5,1
1FNKOT36,0,2,0,0,0
1CRMHMU36,0,3,13,6,10
1FNSUL30,0,6,1,1,3
1RDDLUC15,0,12,13,13,10
1FNKAN141,0,7,7,5,12
1FDWTP001,0,9,2,2,0
1RDDLUC12,0,5,12,2,0
1RDWKOL71,0,4,3,5,4
1FNUDP40,0,2,4,6,3
1FNKOT50,0,3,1,3,0
1FNJSL03,0,3,0,1,1
1FNMEH39,0,1,0,0,3
1FNPTP34,0,4,5,1,9
1FNKHD47,0,1,0,0,0
1FNRAJ36,0,5,2,0,11
1FNALD86,0,7,11,11,9
1FNAHM105,0,7,1,0,2
1FNFTP36,0,8,2,4,2
1FNCHT08,0,1,0,3,4
1FDKOL177,0,3,3,1,3
1FNFTP03,0,6,34,9,11
1RDWBOM59,0,1,2,2,1
1FNAJM70,0,2,4,1,2
1FNAZM05,0,1,0,5,7
1FNALD110,0,4,1,10,5
1FNBNW12,0,3,6,0,1
1CRUPRB02,0,8,21,13,26
1RDNAJM04,0,7,5,9,2
1FDAHM179,0,4,1,6,1
1FNFTP27,0,2,2,0,1
1CRUPKN03,0,7,10,1,0
1FNMEH38,0,1,0,3,3
1RDWKOL63,0,6,2,0,0
1FDBOM284,0,4,13,14,0
1FNANA28,0,7,8,7,4
1FNSHL04,0,9,3,0,0
1FDJLO05,0,4,4,2,3
1FNSDR05,0,2,2,1,2
1FNANA49,0,3,3,1,5
1FNALD78,0,5,3,9,10
1FNANA25,0,2,6,3,7
1FNJUN10,0,1,2,5,0
1FDJDP49,0,4,7,3,3
1FNRAJ53,0,1,2,0,0
1CRMHMU73,0,1,1,6,11
1FNRAJ32,0,2,3,0,1
1CRRJTK06,0,3,3,6,25
1CRMHMU81,0,4,6,8,7
1FNBDN17,0,1,3,2,3
1FDMEH50,0,3,6,4,1
1FNLUC73,0,3,1,3,2
1FDBOM111,0,2,0,0,0
1FWALD130,0,4,1,5,3
1FNUDP39,0,1,4,4,4
1FNBIK45,0,1,1,0,2
1FNBOM69,0,1,6,7,4
1RDDMUM50,0,12,13,2,8
1FNJUN13,0,1,1,1,2
1RDWBOM48,0,2,4,2,1
1CRMHMU75,0,6,3,2,4
1FNALD118,0,2,2,2,1
1FDDAR01,0,5,10,0,3
1FDKOL185,0,1,4,1,1
1FNSNE04,0,1,0,0,0
1FNKMR07,0,1,1,0,2
1FNKAN53,0,3,3,5,5
1RDWLUC56,0,6,15,6,7
1FNAJM71,0,1,0,0,1
1FWBSK06,0,1,0,0,5
1CRRJCU03,0,5,2,11,16
1FNMEH46,0,1,1,0,0
1FNLUC94,0,2,2,0,1
1FNKOT60,0,4,0,0,1
1FNBOM119,0,5,1,0,0
1fnbha01,0,1,2,0,0
1FNKOT08,0,1,2,7,9
1FDSDR14,0,1,0,1,0
1FNPTN09,0,2,4,1,1
1FNJUN07,0,2,2,0,4
1FDBOM286,0,2,0,0,0
1RDWBOM49,0,2,8,6,13
1FNFTP42,0,4,4,2,7
1FNRAJ45,0,1,0,0,6
1FNBIK17,0,3,4,0,2
1FDBOM265,0,3,3,3,0
1FNKCC04,0,1,0,2,3
1FNLUC91,0,1,3,3,2
1RDWPTP09,0,1,11,17,16
1FNAHM74,0,3,3,4,5
1RDNSIL03,0,3,6,4,5
1VD716201,0,1,0,1,2
1FDJAI75,0,2,8,6,9
1FNKOL218,0,3,3,4,6
1FNALD122,0,1,6,9,5
1CRRJKR01,0,1,12,15,6
1FDBOM248,0,1,4,2,5
1FNKMR08,0,1,0,1,1
1VD650101,0,3,5,4,6
1RDNJDP10,0,3,6,6,6
1FNJMG11,0,4,7,7,9
1FNAMT35,0,3,6,8,0
1RDWRBL06,0,1,3,5,5
1FNUDP61,0,2,1,0,9
1FNRAJ19,0,1,1,1,0
1RDNRAJ05,0,1,0,6,2
1CRHUPVA09,0,2,3,1,11
1RDDMUM25,0,1,3,6,1
1FNKOT54,0,1,6,1,2
1FWAHM197,0,1,0,3,4
1FNBIK48,0,1,3,1,7
1DBA14881,0,2,6,0,5
1RDNJAI20,0,1,3,1,4
1FNJMG22,0,1,9,8,1
1FNBNW21,0,1,0,3,0
2CRWBKL15,0,1,1,6,2
1FNKAM14,0,1,2,1,1
1CRGJRJ09,0,1,1,3,4
1FNKAN136,0,1,6,1,5
1FNKOL144,0,0,3,2,0
1FNCHT24,0,0,4,0,0
1FDBOM194,0,0,7,0,0
1FNBND23,0,0,2,2,0
1CRTRWT01,0,0,2,0,0
1FNGGN04,0,0,9,5,2
1FNBND26,0,0,2,2,3
1VW702401,0,0,11,8,5
1RDWKOT03,0,0,2,1,1
1FNBOM83,0,0,2,0,2
1FNBNW11,0,0,5,2,2
1FDBOM220,0,0,5,1,3
1FNMEH54,0,0,1,0,0
1FNLUC96,0,0,2,2,8
1FDBNK21,0,0,9,10,9
1RDNSHL02,0,0,4,2,5
1FNJDP37,0,0,1,4,10
1FNJUN03,0,0,3,2,0
1FNRAJ22,0,0,1,2,2
1FNJHU06,0,0,7,1,0
1FNBDN11,0,0,1,1,8
1FNBDN14,0,0,3,3,5
1FNJNP13,0,0,4,3,3
1RDNKOL01,0,0,1,2,2
1FNALD53,0,0,3,1,1
1FNLUC99,0,0,1,0,1
1FNSDR10,0,0,1,3,1
1CRHMHMU08,0,0,4,7,4
1FWAHM195,0,0,3,1,7
1FDBOM250,0,0,2,2,0
1CRMHTH45,0,0,3,8,4
1CRHMHMU09 ,0,0,6,2,6
1FNRAJ56,0,0,2,0,1
1FNBIK42,0,0,1,0,0
1FNAHM68,0,0,4,0,5
1FNJAI95,0,0,1,1,0
1FNKOT22,0,0,6,7,7
1VD717601,0,0,4,16,14
1FWBSK01,0,0,3,0,1
1FNKHD63,0,0,1,0,3
1FNBOM99,0,0,1,6,4
1FNKCC14,0,0,1,0,0
1FNRBL36,0,0,2,1,14
1FWBIK43,0,0,3,3,12
1FNBOM65,0,0,3,3,2
1FNKOT38,0,0,5,4,9
1FNJMG16,0,0,2,1,2
1FNPTP46,0,0,8,6,8
1DBA06601,0,0,2,0,0
1CRHUPKA03,0,0,1,5,1
1FNJAI122,0,0,2,1,6
1CRMHTH28,0,0,1,3,6
1FNBOM85,0,0,2,1,0
1FNAMT28,0,0,2,2,1
1FNRAJ14,0,0,6,4,0
1FNBIK50,0,0,3,0,3
1FNJOR04,0,0,4,1,0
1FNSNE02,0,0,1,0,2
1FNAJM33,0,0,1,1,0
1RDNAHM11,0,0,3,3,2
1FNPTN13,0,0,1,1,4
1FNPTN14,0,0,1,10,13
1FDBOM130,0,0,1,0,0
1FNJAI154,0,0,0,2,1
1RDNMUM99,0,0,0,2,0
1FNPTP23,0,0,0,2,1
1RDNKOL59,0,0,0,3,4
1FNAMT15,0,0,0,5,5
1FNBIK27,0,0,0,23,1
1FNLUC80,0,0,0,2,0
1CRHUPSU02,0,0,0,13,19
1CRRJHG01,0,0,0,11,9
1FNANA51,0,0,0,2,1
1FNMEH44,0,0,0,2,3
1CRHUPVA05,0,0,0,5,5
1VD739301,0,0,0,1,0
1FNUNO01,0,0,0,4,7
1RDNJAI01,0,0,0,1,5
1FNBHL07,0,0,0,3,5
1FDBOM369,0,0,0,2,2
1RDNMUM55,0,0,0,4,13
1CRHUPVA04,0,0,0,1,3
1FNKAN106,0,0,0,1,1
1FNBNW15,0,0,0,3,6
1FNJMG18,0,0,0,2,2
1FNJUN01,0,0,0,1,0
1CRHUPSU01,0,0,0,0,20
1CRHKOBL03,0,0,0,0,19
1FNBND22,0,0,0,0,1
1CRHGJGN01,0,0,0,0,1
1FNKOT23,0,0,0,0,10
1DBA04552,0,0,0,0,3
1FNMOK02,0,0,0,0,11
1RDDAHM44,0,0,0,0,1
1FNJAI137,0,0,0,0,2
1FNMEH31,0,0,0,0,2
1RDNKUT01,0,0,0,0,1
1FDRGH22,0,0,0,0,1
1FNKOT24,0,0,0,0,1
1FNKOL202,0,0,0,0,1
1DBA15831,0,0,0,0,2
